,Teacher_ID,Teacher_Name,Department,Year,Teacing_Duration,Teaching_Digit,Teaching_Present,Hours_Teached_Department,Teacher_Department,Digit_Ratio,Digit_Percentage,Digitalization
0,1,Laquita,Sociology,2013,420,59,361,5282,17,0.14,14,Low Digitalization
1,2,Wilmer,Sociology,2013,158,35,123,5282,17,0.22,22,Medium-Low Digitalization
2,3,Carla,Sociology,2013,317,22,295,5282,17,0.07,7,Low Digitalization
3,4,Natalya,Sociology,2013,165,46,119,5282,17,0.28,28,Medium-Low Digitalization
4,5,Ernestina,Sociology,2013,446,143,303,5282,17,0.32,32,Medium-Low Digitalization
5,6,Tamatha,Sociology,2013,205,105,100,5282,17,0.51,51,Medium-High Digitalization
6,7,Eulalie,Sociology,2013,179,34,145,5282,17,0.19,19,Low Digitalization
7,8,Kiley,Sociology,2013,163,59,104,5282,17,0.36,36,Medium-Low Digitalization
8,9,Collin,Sociology,2013,374,183,191,5282,17,0.49,49,Medium-Low Digitalization
9,10,Tanya,Sociology,2013,328,197,131,5282,17,0.6,60,Medium-High Digitalization
10,11,Mylee,Sociology,2013,434,4,430,5282,17,0.01,1,Low Digitalization
11,12,Ludie,Sociology,2013,158,118,40,5282,17,0.75,75,Medium-High Digitalization
12,13,Sandie,Sociology,2013,446,352,94,5282,17,0.79,79,Medium-High Digitalization
13,14,Shawn,Sociology,2013,204,143,61,5282,17,0.7,70,Medium-High Digitalization
14,15,Irena,Sociology,2013,429,107,322,5282,17,0.25,25,Medium-Low Digitalization
15,16,Lovey,Sociology,2013,419,314,105,5282,17,0.75,75,Medium-High Digitalization
16,17,Jeannine,Sociology,2013,437,271,166,5282,17,0.62,62,Medium-High Digitalization
17,18,Allison,Computer Science,2013,448,36,412,4490,16,0.08,8,Low Digitalization
18,19,Hal,Computer Science,2013,187,140,47,4490,16,0.75,75,Medium-High Digitalization
19,20,Esta,Computer Science,2013,310,16,294,4490,16,0.05,5,Low Digitalization
20,21,Earnest,Computer Science,2013,204,86,118,4490,16,0.42,42,Medium-Low Digitalization
21,22,Abdiel,Computer Science,2013,207,120,87,4490,16,0.58,57,Medium-High Digitalization
22,23,Buddy,Computer Science,2013,460,359,101,4490,16,0.78,78,Medium-High Digitalization
23,24,Jamarcus,Computer Science,2013,204,41,163,4490,16,0.2,20,Low Digitalization
24,25,Antonetta,Computer Science,2013,441,331,110,4490,16,0.75,75,Medium-High Digitalization
25,26,Todd,Computer Science,2013,312,78,234,4490,16,0.25,25,Medium-Low Digitalization
26,27,Lalla,Computer Science,2013,343,17,326,4490,16,0.05,5,Low Digitalization
27,28,Ossie,Computer Science,2013,175,21,154,4490,16,0.12,12,Low Digitalization
28,29,Jahir,Computer Science,2013,193,125,68,4490,16,0.65,65,Medium-High Digitalization
29,30,Michelina,Computer Science,2013,317,235,82,4490,16,0.74,74,Medium-High Digitalization
30,31,Tenika,Computer Science,2013,307,132,175,4490,16,0.43,43,Medium-Low Digitalization
31,32,Olan,Computer Science,2013,212,78,134,4490,16,0.37,37,Medium-Low Digitalization
32,33,Jordi,Computer Science,2013,170,31,139,4490,16,0.18,18,Low Digitalization
33,34,Cicero,Philosophy,2013,415,237,178,2908,9,0.57,56,Medium-High Digitalization
34,35,Carlyn,Philosophy,2013,405,134,271,2908,9,0.33,33,Medium-Low Digitalization
35,36,Trae,Philosophy,2013,434,326,108,2908,9,0.75,75,Medium-High Digitalization
36,37,Soledad,Philosophy,2013,205,105,100,2908,9,0.51,51,Medium-High Digitalization
37,38,Tate,Philosophy,2013,420,265,155,2908,9,0.63,63,Medium-High Digitalization
38,39,Tamekia,Philosophy,2013,377,170,207,2908,9,0.45,45,Medium-Low Digitalization
39,40,Jane,Philosophy,2013,226,75,151,2908,9,0.33,33,Medium-Low Digitalization
40,41,Lonna,Philosophy,2013,208,148,60,2908,9,0.71,71,Medium-High Digitalization
41,42,Lary,Philosophy,2013,218,170,48,2908,9,0.78,78,Medium-High Digitalization
42,43,Willa,Law,2013,162,21,141,1261,5,0.13,13,Low Digitalization
43,44,Roslyn,Law,2013,442,234,208,1261,5,0.53,53,Medium-High Digitalization
44,45,Odette,Law,2013,226,176,50,1261,5,0.78,78,Medium-High Digitalization
45,46,James,Law,2013,225,2,223,1261,5,0.01,1,Low Digitalization
46,47,Carrie,Law,2013,205,144,62,1261,5,0.7,70,Medium-High Digitalization
47,48,Elana,History,2013,166,15,151,4819,16,0.09,9,Low Digitalization
48,49,Belia,History,2013,446,250,196,4819,16,0.56,56,Medium-High Digitalization
49,50,Annamarie,History,2013,385,146,239,4819,16,0.38,38,Medium-Low Digitalization
50,51,Magnolia,History,2013,445,31,414,4819,16,0.07,7,Low Digitalization
51,52,Arra,History,2013,436,318,118,4819,16,0.73,73,Medium-High Digitalization
52,53,Maryann,History,2013,422,13,409,4819,16,0.03,3,Low Digitalization
53,54,Anastacio,History,2013,174,21,153,4819,16,0.12,12,Low Digitalization
54,55,Francisca,History,2013,335,174,161,4819,16,0.52,52,Medium-High Digitalization
55,56,Nickolas,History,2013,435,22,413,4819,16,0.05,5,Low Digitalization
56,57,Dante,History,2013,191,94,97,4819,16,0.49,49,Medium-Low Digitalization
57,58,Agness,History,2013,164,84,80,4819,16,0.51,51,Medium-High Digitalization
58,59,Jamar,History,2013,154,114,40,4819,16,0.74,74,Medium-High Digitalization
59,60,Tawana,History,2013,186,65,121,4819,16,0.35,35,Medium-Low Digitalization
60,61,Tyrus,History,2013,394,158,236,4819,16,0.4,40,Medium-Low Digitalization
61,62,Deshaun,History,2013,315,164,151,4819,16,0.52,52,Medium-High Digitalization
62,63,Harding,History,2013,172,7,165,4819,16,0.04,4,Low Digitalization
63,64,Migdalia,Engineering,2013,183,66,117,4131,15,0.36,36,Medium-Low Digitalization
64,65,Brittani,Engineering,2013,336,155,181,4131,15,0.46,46,Medium-Low Digitalization
65,66,Cheryl,Engineering,2013,380,236,144,4131,15,0.62,62,Medium-High Digitalization
66,67,Arnoldo,Engineering,2013,359,108,251,4131,15,0.3,30,Medium-Low Digitalization
67,68,Linwood,Engineering,2013,218,150,68,4131,15,0.69,69,Medium-High Digitalization
68,69,Angeles,Engineering,2013,326,98,228,4131,15,0.3,30,Medium-Low Digitalization
69,70,Carsen,Engineering,2013,228,7,221,4131,15,0.03,3,Low Digitalization
70,71,Newton,Engineering,2013,427,34,393,4131,15,0.08,8,Low Digitalization
71,72,Denice,Engineering,2013,393,102,291,4131,15,0.26,26,Medium-Low Digitalization
72,73,Telly,Engineering,2013,216,99,117,4131,15,0.46,46,Medium-Low Digitalization
73,74,Darrick,Engineering,2013,191,113,78,4131,15,0.59,59,Medium-High Digitalization
74,75,Glenn,Engineering,2013,195,107,88,4131,15,0.55,55,Medium-High Digitalization
75,76,Camille,Engineering,2013,166,95,71,4131,15,0.57,56,Medium-High Digitalization
76,77,Erica,Engineering,2013,204,12,192,4131,15,0.06,6,Low Digitalization
77,78,Erle,Engineering,2013,309,37,272,4131,15,0.12,12,Low Digitalization
78,79,Lilie,Art,2013,428,334,94,2609,7,0.78,78,Medium-High Digitalization
79,80,Miles,Art,2013,398,283,115,2609,7,0.71,71,Medium-High Digitalization
80,81,Samantha,Art,2013,399,207,192,2609,7,0.52,52,Medium-High Digitalization
81,82,Ismael,Art,2013,381,202,179,2609,7,0.53,53,Medium-High Digitalization
82,83,Kelsie,Art,2013,415,328,87,2609,7,0.79,79,Medium-High Digitalization
83,84,Armando,Art,2013,206,16,190,2609,7,0.08,8,Low Digitalization
84,85,Tonia,Art,2013,381,282,99,2609,7,0.74,74,Medium-High Digitalization
85,86,Elzada,Nanagement,2013,156,16,140,4654,16,0.1,10,Low Digitalization
86,87,Ozzie,Nanagement,2013,417,142,275,4654,16,0.34,34,Medium-Low Digitalization
87,88,Clemon,Nanagement,2013,214,154,60,4654,16,0.72,72,Medium-High Digitalization
88,89,Katerina,Nanagement,2013,322,23,299,4654,16,0.07,7,Low Digitalization
89,90,Joleen,Nanagement,2013,372,160,212,4654,16,0.43,43,Medium-Low Digitalization
90,91,Lorraine,Nanagement,2013,204,124,80,4654,16,0.61,61,Medium-High Digitalization
91,92,Gladys,Nanagement,2013,453,186,267,4654,16,0.41,41,Medium-Low Digitalization
92,93,Kassandra,Nanagement,2013,161,39,122,4654,16,0.24,24,Medium-Low Digitalization
93,94,Lydell,Nanagement,2013,315,224,91,4654,16,0.71,71,Medium-High Digitalization
94,95,Lexis,Nanagement,2013,412,255,157,4654,16,0.62,62,Medium-High Digitalization
95,96,Damaris,Nanagement,2013,169,39,130,4654,16,0.23,23,Medium-Low Digitalization
96,97,Rosella,Nanagement,2013,227,82,145,4654,16,0.36,36,Medium-Low Digitalization
97,98,Luvinia,Nanagement,2013,176,116,60,4654,16,0.66,66,Medium-High Digitalization
98,99,Lonzo,Nanagement,2013,457,315,142,4654,16,0.69,69,Medium-High Digitalization
99,100,Shyheim,Nanagement,2013,372,108,264,4654,16,0.29,28,Medium-Low Digitalization
100,101,Lyndsay,Nanagement,2013,227,125,102,4654,16,0.55,55,Medium-High Digitalization
101,102,Abram,Economy,2013,340,163,177,4842,18,0.48,48,Medium-Low Digitalization
102,103,Louie,Economy,2013,309,182,127,4842,18,0.59,59,Medium-High Digitalization
103,104,Alver,Economy,2013,342,75,267,4842,18,0.22,22,Medium-Low Digitalization
104,105,Mendy,Economy,2013,339,132,207,4842,18,0.39,39,Medium-Low Digitalization
105,106,Sherryl,Economy,2013,164,57,107,4842,18,0.35,35,Medium-Low Digitalization
106,107,Gwyn,Economy,2013,189,93,96,4842,18,0.49,49,Medium-Low Digitalization
107,108,Elia,Economy,2013,358,226,132,4842,18,0.63,63,Medium-High Digitalization
108,109,Adelina,Economy,2013,224,166,58,4842,18,0.74,74,Medium-High Digitalization
109,110,Hiroshi,Economy,2013,161,6,155,4842,18,0.04,4,Low Digitalization
110,111,Dakoda,Economy,2013,413,190,223,4842,18,0.46,46,Medium-Low Digitalization
111,112,Toni,Economy,2013,163,42,121,4842,18,0.26,26,Medium-Low Digitalization
112,113,Mozell,Economy,2013,356,142,214,4842,18,0.4,40,Medium-Low Digitalization
113,114,Audra,Economy,2013,393,185,208,4842,18,0.47,47,Medium-Low Digitalization
114,115,Torey,Economy,2013,214,90,124,4842,18,0.42,42,Medium-Low Digitalization
115,116,Jaydin,Economy,2013,341,167,174,4842,18,0.49,49,Medium-Low Digitalization
116,117,Stormy,Economy,2013,171,120,51,4842,18,0.7,70,Medium-High Digitalization
117,118,Ellis,Economy,2013,172,7,165,4842,18,0.04,4,Low Digitalization
118,119,Johnson,Economy,2013,194,60,134,4842,18,0.31,31,Medium-Low Digitalization
119,120,Tammi,Mathematics,2013,365,223,142,3278,11,0.61,61,Medium-High Digitalization
120,121,Dejah,Mathematics,2013,208,2,206,3278,11,0.01,1,Low Digitalization
121,122,Glinda,Mathematics,2013,175,2,173,3278,11,0.01,1,Low Digitalization
122,123,Eller,Mathematics,2013,417,129,288,3278,11,0.31,31,Medium-Low Digitalization
123,124,Williams,Mathematics,2013,413,37,376,3278,11,0.09,9,Low Digitalization
124,125,Annette,Mathematics,2013,388,260,128,3278,11,0.67,67,Medium-High Digitalization
125,126,Edra,Mathematics,2013,198,48,150,3278,11,0.24,24,Medium-Low Digitalization
126,127,Bree,Mathematics,2013,225,140,86,3278,11,0.62,62,Medium-High Digitalization
127,128,Jessye,Mathematics,2013,195,98,98,3278,11,0.5,50,Medium-Low Digitalization
128,129,Amparo,Mathematics,2013,380,186,194,3278,11,0.49,49,Medium-Low Digitalization
129,130,Suzy,Mathematics,2013,315,94,220,3278,11,0.3,30,Medium-Low Digitalization
130,131,Ahmad,Languages,2013,188,38,150,3245,11,0.2,20,Low Digitalization
131,132,Stetson,Languages,2013,460,78,382,3245,11,0.17,17,Low Digitalization
132,133,Milissa,Languages,2013,443,341,102,3245,11,0.77,77,Medium-High Digitalization
133,134,Graciela,Languages,2013,158,30,128,3245,11,0.19,19,Low Digitalization
134,135,Rebekah,Languages,2013,310,22,288,3245,11,0.07,7,Low Digitalization
135,136,Johney,Languages,2013,175,33,142,3245,11,0.19,19,Low Digitalization
136,137,Sophie,Languages,2013,330,248,82,3245,11,0.75,75,Medium-High Digitalization
137,138,Dove,Languages,2013,156,120,36,3245,11,0.77,77,Medium-High Digitalization
138,139,Kyle,Languages,2013,346,80,266,3245,11,0.23,23,Medium-Low Digitalization
139,140,Treena,Languages,2013,334,170,164,3245,11,0.51,51,Medium-High Digitalization
140,141,Rafe,Languages,2013,345,31,314,3245,11,0.09,9,Low Digitalization
141,1,Laquita,Sociology,2014,420,80,340,5282,17,0.19,18,Low Digitalization
142,2,Wilmer,Sociology,2014,158,60,98,5282,17,0.38,38,Medium-Low Digitalization
143,3,Carla,Sociology,2014,317,38,279,5282,17,0.12,11,Low Digitalization
144,4,Natalya,Sociology,2014,165,71,94,5282,17,0.43,43,Medium-Low Digitalization
145,5,Ernestina,Sociology,2014,446,210,236,5282,17,0.47,47,Medium-Low Digitalization
146,6,Tamatha,Sociology,2014,205,187,18,5282,17,0.91,91,High Digitalization
147,7,Eulalie,Sociology,2014,179,41,138,5282,17,0.23,22,Medium-Low Digitalization
148,8,Kiley,Sociology,2014,163,108,55,5282,17,0.66,65,Medium-High Digitalization
149,9,Collin,Sociology,2014,374,299,75,5282,17,0.8,79,Medium-High Digitalization
150,10,Tanya,Sociology,2014,328,295,33,5282,17,0.9,89,High Digitalization
151,11,Mylee,Sociology,2014,434,9,425,5282,17,0.02,1,Low Digitalization
152,12,Ludie,Sociology,2014,158,139,19,5282,17,0.88,87,High Digitalization
153,13,Sandie,Sociology,2014,446,446,0,5282,17,1.0,99,High Digitalization
154,14,Shawn,Sociology,2014,204,182,22,5282,17,0.89,88,High Digitalization
155,15,Irena,Sociology,2014,429,193,236,5282,17,0.45,45,Medium-Low Digitalization
156,16,Lovey,Sociology,2014,419,339,80,5282,17,0.81,81,High Digitalization
157,17,Jeannine,Sociology,2014,437,341,96,5282,17,0.78,77,Medium-High Digitalization
158,18,Allison,Computer Science,2014,448,67,381,4490,16,0.15,14,Low Digitalization
159,19,Hal,Computer Science,2014,187,180,7,4490,16,0.96,96,High Digitalization
160,20,Esta,Computer Science,2014,310,19,291,4490,16,0.06,6,Low Digitalization
161,21,Earnest,Computer Science,2014,204,135,69,4490,16,0.66,66,Medium-High Digitalization
162,22,Abdiel,Computer Science,2014,207,155,52,4490,16,0.75,75,Medium-High Digitalization
163,23,Buddy,Computer Science,2014,460,446,14,4490,16,0.97,96,High Digitalization
164,24,Jamarcus,Computer Science,2014,204,57,147,4490,16,0.28,27,Medium-Low Digitalization
165,25,Antonetta,Computer Science,2014,441,410,31,4490,16,0.93,93,High Digitalization
166,26,Todd,Computer Science,2014,312,131,181,4490,16,0.42,42,Medium-Low Digitalization
167,27,Lalla,Computer Science,2014,343,21,322,4490,16,0.06,5,Low Digitalization
168,28,Ossie,Computer Science,2014,175,32,144,4490,16,0.18,18,Low Digitalization
169,29,Jahir,Computer Science,2014,193,166,27,4490,16,0.86,85,High Digitalization
170,30,Michelina,Computer Science,2014,317,285,32,4490,16,0.9,89,High Digitalization
171,31,Tenika,Computer Science,2014,307,264,43,4490,16,0.86,86,High Digitalization
172,32,Olan,Computer Science,2014,212,148,64,4490,16,0.7,69,Medium-High Digitalization
173,33,Jordi,Computer Science,2014,170,32,138,4490,16,0.19,18,Low Digitalization
174,34,Cicero,Philosophy,2014,415,398,17,2908,9,0.96,96,High Digitalization
175,35,Carlyn,Philosophy,2014,405,259,146,2908,9,0.64,64,Medium-High Digitalization
176,36,Trae,Philosophy,2014,434,421,13,2908,9,0.97,97,High Digitalization
177,37,Soledad,Philosophy,2014,205,119,86,2908,9,0.58,58,Medium-High Digitalization
178,38,Tate,Philosophy,2014,420,298,122,2908,9,0.71,70,Medium-High Digitalization
179,39,Tamekia,Philosophy,2014,377,185,192,2908,9,0.49,49,Medium-Low Digitalization
180,40,Jane,Philosophy,2014,226,86,140,2908,9,0.38,37,Medium-Low Digitalization
181,41,Lonna,Philosophy,2014,208,148,60,2908,9,0.71,71,Medium-High Digitalization
182,42,Lary,Philosophy,2014,218,177,41,2908,9,0.81,81,High Digitalization
183,43,Willa,Law,2014,162,29,133,1261,5,0.18,18,Low Digitalization
184,44,Roslyn,Law,2014,442,345,97,1261,5,0.78,78,Medium-High Digitalization
185,45,Odette,Law,2014,226,221,5,1261,5,0.98,98,High Digitalization
186,46,James,Law,2014,225,2,223,1261,5,0.01,1,Low Digitalization
187,47,Carrie,Law,2014,205,146,59,1261,5,0.71,70,Medium-High Digitalization
188,48,Elana,History,2014,166,23,143,4819,16,0.14,13,Low Digitalization
189,49,Belia,History,2014,446,303,143,4819,16,0.68,67,Medium-High Digitalization
190,50,Annamarie,History,2014,385,177,208,4819,16,0.46,45,Medium-Low Digitalization
191,51,Magnolia,History,2014,445,58,387,4819,16,0.13,12,Low Digitalization
192,52,Arra,History,2014,436,366,70,4819,16,0.84,83,High Digitalization
193,53,Maryann,History,2014,422,21,401,4819,16,0.05,4,Low Digitalization
194,54,Anastacio,History,2014,174,33,141,4819,16,0.19,18,Low Digitalization
195,55,Francisca,History,2014,335,328,7,4819,16,0.98,97,High Digitalization
196,56,Nickolas,History,2014,435,39,396,4819,16,0.09,8,Low Digitalization
197,57,Dante,History,2014,191,126,65,4819,16,0.66,65,Medium-High Digitalization
198,58,Agness,History,2014,164,87,77,4819,16,0.53,52,Medium-High Digitalization
199,59,Jamar,History,2014,154,125,29,4819,16,0.81,80,Medium-High Digitalization
200,60,Tawana,History,2014,186,126,60,4819,16,0.68,67,Medium-High Digitalization
201,61,Tyrus,History,2014,394,193,201,4819,16,0.49,49,Medium-Low Digitalization
202,62,Deshaun,History,2014,315,309,6,4819,16,0.98,97,High Digitalization
203,63,Harding,History,2014,172,9,163,4819,16,0.05,5,Low Digitalization
204,64,Migdalia,Engineering,2014,183,82,101,4131,15,0.45,44,Medium-Low Digitalization
205,65,Brittani,Engineering,2014,336,286,50,4131,15,0.85,85,High Digitalization
206,66,Cheryl,Engineering,2014,380,289,91,4131,15,0.76,76,Medium-High Digitalization
207,67,Arnoldo,Engineering,2014,359,133,226,4131,15,0.37,37,Medium-Low Digitalization
208,68,Linwood,Engineering,2014,218,153,65,4131,15,0.7,69,Medium-High Digitalization
209,69,Angeles,Engineering,2014,326,101,225,4131,15,0.31,30,Medium-Low Digitalization
210,70,Carsen,Engineering,2014,228,9,219,4131,15,0.04,4,Low Digitalization
211,71,Newton,Engineering,2014,427,51,376,4131,15,0.12,11,Low Digitalization
212,72,Denice,Engineering,2014,393,145,248,4131,15,0.37,37,Medium-Low Digitalization
213,73,Telly,Engineering,2014,216,168,48,4131,15,0.78,78,Medium-High Digitalization
214,74,Darrick,Engineering,2014,191,164,27,4131,15,0.86,86,High Digitalization
215,75,Glenn,Engineering,2014,195,109,86,4131,15,0.56,56,Medium-High Digitalization
216,76,Camille,Engineering,2014,166,106,60,4131,15,0.64,64,Medium-High Digitalization
217,77,Erica,Engineering,2014,204,18,186,4131,15,0.09,8,Low Digitalization
218,78,Erle,Engineering,2014,309,56,253,4131,15,0.18,17,Low Digitalization
219,79,Lilie,Art,2014,428,381,47,2609,7,0.89,88,High Digitalization
220,80,Miles,Art,2014,398,310,88,2609,7,0.78,78,Medium-High Digitalization
221,81,Samantha,Art,2014,399,351,48,2609,7,0.88,87,High Digitalization
222,82,Ismael,Art,2014,381,278,103,2609,7,0.73,72,Medium-High Digitalization
223,83,Kelsie,Art,2014,415,353,62,2609,7,0.85,84,High Digitalization
224,84,Armando,Art,2014,206,19,187,2609,7,0.09,9,Low Digitalization
225,85,Tonia,Art,2014,381,309,72,2609,7,0.81,81,High Digitalization
226,86,Elzada,Nanagement,2014,156,22,134,4654,16,0.14,13,Low Digitalization
227,87,Ozzie,Nanagement,2014,417,234,183,4654,16,0.56,56,Medium-High Digitalization
228,88,Clemon,Nanagement,2014,214,184,30,4654,16,0.86,86,High Digitalization
229,89,Katerina,Nanagement,2014,322,29,293,4654,16,0.09,8,Low Digitalization
230,90,Joleen,Nanagement,2014,372,190,182,4654,16,0.51,50,Medium-Low Digitalization
231,91,Lorraine,Nanagement,2014,204,133,71,4654,16,0.65,64,Medium-High Digitalization
232,92,Gladys,Nanagement,2014,453,236,217,4654,16,0.52,51,Medium-High Digitalization
233,93,Kassandra,Nanagement,2014,161,56,105,4654,16,0.35,35,Medium-Low Digitalization
234,94,Lydell,Nanagement,2014,315,227,88,4654,16,0.72,71,Medium-High Digitalization
235,95,Lexis,Nanagement,2014,412,379,33,4654,16,0.92,91,High Digitalization
236,96,Damaris,Nanagement,2014,169,44,125,4654,16,0.26,25,Medium-Low Digitalization
237,97,Rosella,Nanagement,2014,227,89,138,4654,16,0.39,38,Medium-Low Digitalization
238,98,Luvinia,Nanagement,2014,176,146,30,4654,16,0.83,82,High Digitalization
239,99,Lonzo,Nanagement,2014,457,347,110,4654,16,0.76,75,Medium-High Digitalization
240,100,Shyheim,Nanagement,2014,372,212,160,4654,16,0.57,56,Medium-High Digitalization
241,101,Lyndsay,Nanagement,2014,227,173,54,4654,16,0.76,76,Medium-High Digitalization
242,102,Abram,Economy,2014,340,211,129,4842,18,0.62,62,Medium-High Digitalization
243,103,Louie,Economy,2014,309,266,43,4842,18,0.86,86,High Digitalization
244,104,Alver,Economy,2014,342,96,246,4842,18,0.28,27,Medium-Low Digitalization
245,105,Mendy,Economy,2014,339,146,193,4842,18,0.43,42,Medium-Low Digitalization
246,106,Sherryl,Economy,2014,164,110,54,4842,18,0.67,66,Medium-High Digitalization
247,107,Gwyn,Economy,2014,189,147,42,4842,18,0.78,78,Medium-High Digitalization
248,108,Elia,Economy,2014,358,290,68,4842,18,0.81,80,Medium-High Digitalization
249,109,Adelina,Economy,2014,224,211,13,4842,18,0.94,93,High Digitalization
250,110,Hiroshi,Economy,2014,161,6,155,4842,18,0.04,4,Low Digitalization
251,111,Dakoda,Economy,2014,413,190,223,4842,18,0.46,46,Medium-Low Digitalization
252,112,Toni,Economy,2014,163,64,99,4842,18,0.39,38,Medium-Low Digitalization
253,113,Mozell,Economy,2014,356,206,150,4842,18,0.58,57,Medium-High Digitalization
254,114,Audra,Economy,2014,393,220,173,4842,18,0.56,56,Medium-High Digitalization
255,115,Torey,Economy,2014,214,101,113,4842,18,0.47,47,Medium-Low Digitalization
256,116,Jaydin,Economy,2014,341,208,133,4842,18,0.61,61,Medium-High Digitalization
257,117,Stormy,Economy,2014,171,137,34,4842,18,0.8,80,Medium-High Digitalization
258,118,Ellis,Economy,2014,172,9,163,4842,18,0.05,4,Low Digitalization
259,119,Johnson,Economy,2014,194,116,78,4842,18,0.6,60,Medium-High Digitalization
260,120,Tammi,Mathematics,2014,365,325,40,3278,11,0.89,89,High Digitalization
261,121,Dejah,Mathematics,2014,208,4,204,3278,11,0.02,1,Low Digitalization
262,122,Glinda,Mathematics,2014,175,2,173,3278,11,0.01,1,Low Digitalization
263,123,Eller,Mathematics,2014,417,238,179,3278,11,0.57,57,Medium-High Digitalization
264,124,Williams,Mathematics,2014,413,41,372,3278,11,0.1,10,Low Digitalization
265,125,Annette,Mathematics,2014,388,264,124,3278,11,0.68,68,Medium-High Digitalization
266,126,Edra,Mathematics,2014,198,51,147,3278,11,0.26,25,Medium-Low Digitalization
267,127,Bree,Mathematics,2014,225,182,43,3278,11,0.81,80,Medium-High Digitalization
268,128,Jessye,Mathematics,2014,195,187,8,3278,11,0.96,95,High Digitalization
269,129,Amparo,Mathematics,2014,380,312,68,3278,11,0.82,82,High Digitalization
270,130,Suzy,Mathematics,2014,315,135,180,3278,11,0.43,43,Medium-Low Digitalization
271,131,Ahmad,Languages,2014,188,66,122,3245,11,0.35,35,Medium-Low Digitalization
272,132,Stetson,Languages,2014,460,138,322,3245,11,0.3,30,Medium-Low Digitalization
273,133,Milissa,Languages,2014,443,350,93,3245,11,0.79,79,Medium-High Digitalization
274,134,Graciela,Languages,2014,158,47,111,3245,11,0.3,29,Medium-Low Digitalization
275,135,Rebekah,Languages,2014,310,34,276,3245,11,0.11,11,Low Digitalization
276,136,Johney,Languages,2014,175,37,138,3245,11,0.21,21,Medium-Low Digitalization
277,137,Sophie,Languages,2014,330,327,3,3245,11,0.99,99,High Digitalization
278,138,Dove,Languages,2014,156,150,6,3245,11,0.96,96,High Digitalization
279,139,Kyle,Languages,2014,346,100,246,3245,11,0.29,28,Medium-Low Digitalization
280,140,Treena,Languages,2014,334,240,94,3245,11,0.72,72,Medium-High Digitalization
281,141,Rafe,Languages,2014,345,41,304,3245,11,0.12,11,Low Digitalization
282,1,Laquita,Sociology,2015,420,105,315,5282,17,0.25,24,Medium-Low Digitalization
283,2,Wilmer,Sociology,2015,158,90,68,5282,17,0.57,57,Medium-High Digitalization
284,3,Carla,Sociology,2015,317,54,263,5282,17,0.17,16,Low Digitalization
285,4,Natalya,Sociology,2015,165,129,36,5282,17,0.78,77,Medium-High Digitalization
286,5,Ernestina,Sociology,2015,446,294,152,5282,17,0.66,65,Medium-High Digitalization
287,6,Tamatha,Sociology,2015,205,189,16,5282,17,0.92,91,High Digitalization
288,7,Eulalie,Sociology,2015,179,70,109,5282,17,0.39,38,Medium-Low Digitalization
289,8,Kiley,Sociology,2015,163,129,34,5282,17,0.79,78,Medium-High Digitalization
290,9,Collin,Sociology,2015,374,310,64,5282,17,0.83,83,High Digitalization
291,10,Tanya,Sociology,2015,328,305,23,5282,17,0.93,92,High Digitalization
292,11,Mylee,Sociology,2015,434,17,417,5282,17,0.04,3,Low Digitalization
293,12,Ludie,Sociology,2015,158,156,2,5282,17,0.99,98,High Digitalization
294,13,Sandie,Sociology,2015,446,446,0,5282,17,1.0,100,High Digitalization
295,14,Shawn,Sociology,2015,204,186,18,5282,17,0.91,90,High Digitalization
296,15,Irena,Sociology,2015,429,352,77,5282,17,0.82,81,High Digitalization
297,16,Lovey,Sociology,2015,419,390,29,5282,17,0.93,93,High Digitalization
298,17,Jeannine,Sociology,2015,437,345,92,5282,17,0.79,78,Medium-High Digitalization
299,18,Allison,Computer Science,2015,448,134,314,4490,16,0.3,29,Medium-Low Digitalization
300,19,Hal,Computer Science,2015,187,187,0,4490,16,1.0,99,High Digitalization
301,20,Esta,Computer Science,2015,310,22,288,4490,16,0.07,7,Low Digitalization
302,21,Earnest,Computer Science,2015,204,161,43,4490,16,0.79,78,Medium-High Digitalization
303,22,Abdiel,Computer Science,2015,207,188,19,4490,16,0.91,90,High Digitalization
304,23,Buddy,Computer Science,2015,460,455,5,4490,16,0.99,98,High Digitalization
305,24,Jamarcus,Computer Science,2015,204,106,98,4490,16,0.52,52,Medium-High Digitalization
306,25,Antonetta,Computer Science,2015,441,423,18,4490,16,0.96,95,High Digitalization
307,26,Todd,Computer Science,2015,312,212,100,4490,16,0.68,67,Medium-High Digitalization
308,27,Lalla,Computer Science,2015,343,24,319,4490,16,0.07,7,Low Digitalization
309,28,Ossie,Computer Science,2015,175,47,128,4490,16,0.27,27,Medium-Low Digitalization
310,29,Jahir,Computer Science,2015,193,189,4,4490,16,0.98,98,High Digitalization
311,30,Michelina,Computer Science,2015,317,307,10,4490,16,0.97,97,High Digitalization
312,31,Tenika,Computer Science,2015,307,295,12,4490,16,0.96,96,High Digitalization
313,32,Olan,Computer Science,2015,212,180,32,4490,16,0.85,84,High Digitalization
314,33,Jordi,Computer Science,2015,170,36,134,4490,16,0.21,21,Medium-Low Digitalization
315,34,Cicero,Philosophy,2015,415,415,0,2908,9,1.0,99,High Digitalization
316,35,Carlyn,Philosophy,2015,405,316,89,2908,9,0.78,78,Medium-High Digitalization
317,36,Trae,Philosophy,2015,434,430,4,2908,9,0.99,98,High Digitalization
318,37,Soledad,Philosophy,2015,205,152,53,2908,9,0.74,73,Medium-High Digitalization
319,38,Tate,Philosophy,2015,420,374,46,2908,9,0.89,89,High Digitalization
320,39,Tamekia,Philosophy,2015,377,351,26,2908,9,0.93,92,High Digitalization
321,40,Jane,Philosophy,2015,226,93,133,2908,9,0.41,41,Medium-Low Digitalization
322,41,Lonna,Philosophy,2015,208,164,44,2908,9,0.79,78,Medium-High Digitalization
323,42,Lary,Philosophy,2015,218,190,28,2908,9,0.87,86,High Digitalization
324,43,Willa,Law,2015,162,42,120,1261,5,0.26,26,Medium-Low Digitalization
325,44,Roslyn,Law,2015,442,376,66,1261,5,0.85,85,High Digitalization
326,45,Odette,Law,2015,226,221,5,1261,5,0.98,98,High Digitalization
327,46,James,Law,2015,225,4,220,1261,5,0.02,1,Low Digitalization
328,47,Carrie,Law,2015,205,164,41,1261,5,0.8,79,Medium-High Digitalization
329,48,Elana,History,2015,166,38,128,4819,16,0.23,22,Medium-Low Digitalization
330,49,Belia,History,2015,446,334,112,4819,16,0.75,74,Medium-High Digitalization
331,50,Annamarie,History,2015,385,266,119,4819,16,0.69,69,Medium-High Digitalization
332,51,Magnolia,History,2015,445,98,347,4819,16,0.22,21,Medium-Low Digitalization
333,52,Arra,History,2015,436,379,57,4819,16,0.87,86,High Digitalization
334,53,Maryann,History,2015,422,38,384,4819,16,0.09,9,Low Digitalization
335,54,Anastacio,History,2015,174,45,129,4819,16,0.26,26,Medium-Low Digitalization
336,55,Francisca,History,2015,335,332,3,4819,16,0.99,98,High Digitalization
337,56,Nickolas,History,2015,435,39,396,4819,16,0.09,9,Low Digitalization
338,57,Dante,History,2015,191,176,15,4819,16,0.92,91,High Digitalization
339,58,Agness,History,2015,164,159,5,4819,16,0.97,96,High Digitalization
340,59,Jamar,History,2015,154,128,26,4819,16,0.83,82,High Digitalization
341,60,Tawana,History,2015,186,156,30,4819,16,0.84,83,High Digitalization
342,61,Tyrus,History,2015,394,351,43,4819,16,0.89,89,High Digitalization
343,62,Deshaun,History,2015,315,309,6,4819,16,0.98,98,High Digitalization
344,63,Harding,History,2015,172,15,157,4819,16,0.09,9,Low Digitalization
345,64,Migdalia,Engineering,2015,183,108,75,4131,15,0.59,58,Medium-High Digitalization
346,65,Brittani,Engineering,2015,336,333,3,4131,15,0.99,98,High Digitalization
347,66,Cheryl,Engineering,2015,380,289,91,4131,15,0.76,76,Medium-High Digitalization
348,67,Arnoldo,Engineering,2015,359,248,111,4131,15,0.69,69,Medium-High Digitalization
349,68,Linwood,Engineering,2015,218,196,22,4131,15,0.9,89,High Digitalization
350,69,Angeles,Engineering,2015,326,121,205,4131,15,0.37,36,Medium-Low Digitalization
351,70,Carsen,Engineering,2015,228,14,214,4131,15,0.06,6,Low Digitalization
352,71,Newton,Engineering,2015,427,64,363,4131,15,0.15,15,Low Digitalization
353,72,Denice,Engineering,2015,393,267,126,4131,15,0.68,67,Medium-High Digitalization
354,73,Telly,Engineering,2015,216,175,41,4131,15,0.81,81,High Digitalization
355,74,Darrick,Engineering,2015,191,187,4,4131,15,0.98,98,High Digitalization
356,75,Glenn,Engineering,2015,195,191,4,4131,15,0.98,98,High Digitalization
357,76,Camille,Engineering,2015,166,141,25,4131,15,0.85,85,High Digitalization
358,77,Erica,Engineering,2015,204,29,175,4131,15,0.14,14,Low Digitalization
359,78,Erle,Engineering,2015,309,108,201,4131,15,0.35,35,Medium-Low Digitalization
360,79,Lilie,Art,2015,428,398,30,2609,7,0.93,92,High Digitalization
361,80,Miles,Art,2015,398,350,48,2609,7,0.88,88,High Digitalization
362,81,Samantha,Art,2015,399,367,32,2609,7,0.92,91,High Digitalization
363,82,Ismael,Art,2015,381,366,15,2609,7,0.96,96,High Digitalization
364,83,Kelsie,Art,2015,415,378,37,2609,7,0.91,90,High Digitalization
365,84,Armando,Art,2015,206,35,171,2609,7,0.17,17,Low Digitalization
366,85,Tonia,Art,2015,381,324,57,2609,7,0.85,85,High Digitalization
367,86,Elzada,Nanagement,2015,156,25,131,4654,16,0.16,16,Low Digitalization
368,87,Ozzie,Nanagement,2015,417,275,142,4654,16,0.66,66,Medium-High Digitalization
369,88,Clemon,Nanagement,2015,214,186,28,4654,16,0.87,86,High Digitalization
370,89,Katerina,Nanagement,2015,322,29,293,4654,16,0.09,9,Low Digitalization
371,90,Joleen,Nanagement,2015,372,238,134,4654,16,0.64,63,Medium-High Digitalization
372,91,Lorraine,Nanagement,2015,204,180,24,4654,16,0.88,88,High Digitalization
373,92,Gladys,Nanagement,2015,453,272,181,4654,16,0.6,59,Medium-High Digitalization
374,93,Kassandra,Nanagement,2015,161,95,66,4654,16,0.59,59,Medium-High Digitalization
375,94,Lydell,Nanagement,2015,315,280,35,4654,16,0.89,89,High Digitalization
376,95,Lexis,Nanagement,2015,412,387,25,4654,16,0.94,93,High Digitalization
377,96,Damaris,Nanagement,2015,169,83,86,4654,16,0.49,49,Medium-Low Digitalization
378,97,Rosella,Nanagement,2015,227,154,73,4654,16,0.68,67,Medium-High Digitalization
379,98,Luvinia,Nanagement,2015,176,148,28,4654,16,0.84,83,High Digitalization
380,99,Lonzo,Nanagement,2015,457,448,9,4654,16,0.98,98,High Digitalization
381,100,Shyheim,Nanagement,2015,372,346,26,4654,16,0.93,93,High Digitalization
382,101,Lyndsay,Nanagement,2015,227,222,5,4654,16,0.98,98,High Digitalization
383,102,Abram,Economy,2015,340,292,48,4842,18,0.86,86,High Digitalization
384,103,Louie,Economy,2015,309,294,15,4842,18,0.95,94,High Digitalization
385,104,Alver,Economy,2015,342,113,229,4842,18,0.33,33,Medium-Low Digitalization
386,105,Mendy,Economy,2015,339,244,95,4842,18,0.72,71,Medium-High Digitalization
387,106,Sherryl,Economy,2015,164,125,39,4842,18,0.76,76,Medium-High Digitalization
388,107,Gwyn,Economy,2015,189,151,38,4842,18,0.8,79,Medium-High Digitalization
389,108,Elia,Economy,2015,358,340,18,4842,18,0.95,94,High Digitalization
390,109,Adelina,Economy,2015,224,222,2,4842,18,0.99,98,High Digitalization
391,110,Hiroshi,Economy,2015,161,13,148,4842,18,0.08,7,Low Digitalization
392,111,Dakoda,Economy,2015,413,206,206,4842,18,0.5,50,Medium-Low Digitalization
393,112,Toni,Economy,2015,163,80,83,4842,18,0.49,48,Medium-Low Digitalization
394,113,Mozell,Economy,2015,356,214,142,4842,18,0.6,59,Medium-High Digitalization
395,114,Audra,Economy,2015,393,263,130,4842,18,0.67,67,Medium-High Digitalization
396,115,Torey,Economy,2015,214,120,94,4842,18,0.56,56,Medium-High Digitalization
397,116,Jaydin,Economy,2015,341,338,3,4842,18,0.99,98,High Digitalization
398,117,Stormy,Economy,2015,171,156,15,4842,18,0.91,91,High Digitalization
399,118,Ellis,Economy,2015,172,17,155,4842,18,0.1,9,Low Digitalization
400,119,Johnson,Economy,2015,194,138,56,4842,18,0.71,70,Medium-High Digitalization
401,120,Tammi,Mathematics,2015,365,350,15,3278,11,0.96,96,High Digitalization
402,121,Dejah,Mathematics,2015,208,8,200,3278,11,0.04,3,Low Digitalization
403,122,Glinda,Mathematics,2015,175,2,173,3278,11,0.01,1,Low Digitalization
404,123,Eller,Mathematics,2015,417,317,100,3278,11,0.76,75,Medium-High Digitalization
405,124,Williams,Mathematics,2015,413,62,351,3278,11,0.15,14,Low Digitalization
406,125,Annette,Mathematics,2015,388,341,47,3278,11,0.88,87,High Digitalization
407,126,Edra,Mathematics,2015,198,59,139,3278,11,0.3,30,Medium-Low Digitalization
408,127,Bree,Mathematics,2015,225,214,11,3278,11,0.95,94,High Digitalization
409,128,Jessye,Mathematics,2015,195,193,2,3278,11,0.99,98,High Digitalization
410,129,Amparo,Mathematics,2015,380,338,42,3278,11,0.89,89,High Digitalization
411,130,Suzy,Mathematics,2015,315,224,91,3278,11,0.71,70,Medium-High Digitalization
412,131,Ahmad,Languages,2015,188,107,81,3245,11,0.57,57,Medium-High Digitalization
413,132,Stetson,Languages,2015,460,179,281,3245,11,0.39,39,Medium-Low Digitalization
414,133,Milissa,Languages,2015,443,377,66,3245,11,0.85,84,High Digitalization
415,134,Graciela,Languages,2015,158,63,95,3245,11,0.4,39,Medium-Low Digitalization
416,135,Rebekah,Languages,2015,310,56,254,3245,11,0.18,17,Low Digitalization
417,136,Johney,Languages,2015,175,66,108,3245,11,0.38,38,Medium-Low Digitalization
418,137,Sophie,Languages,2015,330,330,0,3245,11,1.0,99,High Digitalization
419,138,Dove,Languages,2015,156,153,3,3245,11,0.98,97,High Digitalization
420,139,Kyle,Languages,2015,346,100,246,3245,11,0.29,29,Medium-Low Digitalization
421,140,Treena,Languages,2015,334,291,43,3245,11,0.87,87,High Digitalization
422,141,Rafe,Languages,2015,345,83,262,3245,11,0.24,23,Medium-Low Digitalization
423,1,Laquita,Sociology,2016,420,122,298,5282,17,0.29,29,Medium-Low Digitalization
424,2,Wilmer,Sociology,2016,158,141,17,5282,17,0.89,88,High Digitalization
425,3,Carla,Sociology,2016,317,60,257,5282,17,0.19,18,Low Digitalization
426,4,Natalya,Sociology,2016,165,158,7,5282,17,0.96,95,High Digitalization
427,5,Ernestina,Sociology,2016,446,343,103,5282,17,0.77,77,Medium-High Digitalization
428,6,Tamatha,Sociology,2016,205,199,6,5282,17,0.97,96,High Digitalization
429,7,Eulalie,Sociology,2016,179,86,93,5282,17,0.48,48,Medium-Low Digitalization
430,8,Kiley,Sociology,2016,163,142,21,5282,17,0.87,86,High Digitalization
431,9,Collin,Sociology,2016,374,370,4,5282,17,0.99,98,High Digitalization
432,10,Tanya,Sociology,2016,328,328,0,5282,17,1.0,99,High Digitalization
433,11,Mylee,Sociology,2016,434,30,404,5282,17,0.07,7,Low Digitalization
434,12,Ludie,Sociology,2016,158,158,0,5282,17,1.0,99,High Digitalization
435,13,Sandie,Sociology,2016,446,446,0,5282,17,1.0,100,High Digitalization
436,14,Shawn,Sociology,2016,204,188,16,5282,17,0.92,91,High Digitalization
437,15,Irena,Sociology,2016,429,395,34,5282,17,0.92,91,High Digitalization
438,16,Lovey,Sociology,2016,419,419,0,5282,17,1.0,99,High Digitalization
439,17,Jeannine,Sociology,2016,437,371,66,5282,17,0.85,85,High Digitalization
440,18,Allison,Computer Science,2016,448,242,206,4490,16,0.54,54,Medium-High Digitalization
441,19,Hal,Computer Science,2016,187,187,0,4490,16,1.0,100,High Digitalization
442,20,Esta,Computer Science,2016,310,28,282,4490,16,0.09,9,Low Digitalization
443,21,Earnest,Computer Science,2016,204,173,31,4490,16,0.85,85,High Digitalization
444,22,Abdiel,Computer Science,2016,207,199,8,4490,16,0.96,96,High Digitalization
445,23,Buddy,Computer Science,2016,460,455,5,4490,16,0.99,99,High Digitalization
446,24,Jamarcus,Computer Science,2016,204,126,78,4490,16,0.62,61,Medium-High Digitalization
447,25,Antonetta,Computer Science,2016,441,437,4,4490,16,0.99,98,High Digitalization
448,26,Todd,Computer Science,2016,312,256,56,4490,16,0.82,81,High Digitalization
449,27,Lalla,Computer Science,2016,343,27,316,4490,16,0.08,7,Low Digitalization
450,28,Ossie,Computer Science,2016,175,84,91,4490,16,0.48,47,Medium-Low Digitalization
451,29,Jahir,Computer Science,2016,193,193,0,4490,16,1.0,99,High Digitalization
452,30,Michelina,Computer Science,2016,317,317,0,4490,16,1.0,99,High Digitalization
453,31,Tenika,Computer Science,2016,307,307,0,4490,16,1.0,99,High Digitalization
454,32,Olan,Computer Science,2016,212,182,30,4490,16,0.86,85,High Digitalization
455,33,Jordi,Computer Science,2016,170,39,131,4490,16,0.23,23,Medium-Low Digitalization
456,34,Cicero,Philosophy,2016,415,415,0,2908,9,1.0,100,High Digitalization
457,35,Carlyn,Philosophy,2016,405,344,61,2908,9,0.85,85,High Digitalization
458,36,Trae,Philosophy,2016,434,434,0,2908,9,1.0,99,High Digitalization
459,37,Soledad,Philosophy,2016,205,197,8,2908,9,0.96,96,High Digitalization
460,38,Tate,Philosophy,2016,420,386,34,2908,9,0.92,91,High Digitalization
461,39,Tamekia,Philosophy,2016,377,377,0,2908,9,1.0,99,High Digitalization
462,40,Jane,Philosophy,2016,226,120,106,2908,9,0.53,52,Medium-High Digitalization
463,41,Lonna,Philosophy,2016,208,187,21,2908,9,0.9,90,High Digitalization
464,42,Lary,Philosophy,2016,218,211,7,2908,9,0.97,96,High Digitalization
465,43,Willa,Law,2016,162,63,99,1261,5,0.39,39,Medium-Low Digitalization
466,44,Roslyn,Law,2016,442,393,49,1261,5,0.89,89,High Digitalization
467,45,Odette,Law,2016,226,226,0,1261,5,1.0,99,High Digitalization
468,46,James,Law,2016,225,7,218,1261,5,0.03,3,Low Digitalization
469,47,Carrie,Law,2016,205,197,8,1261,5,0.96,96,High Digitalization
470,48,Elana,History,2016,166,48,118,4819,16,0.29,29,Medium-Low Digitalization
471,49,Belia,History,2016,446,392,54,4819,16,0.88,87,High Digitalization
472,50,Annamarie,History,2016,385,358,27,4819,16,0.93,93,High Digitalization
473,51,Magnolia,History,2016,445,134,312,4819,16,0.3,30,Medium-Low Digitalization
474,52,Arra,History,2016,436,419,17,4819,16,0.96,95,High Digitalization
475,53,Maryann,History,2016,422,46,376,4819,16,0.11,11,Low Digitalization
476,54,Anastacio,History,2016,174,82,92,4819,16,0.47,46,Medium-Low Digitalization
477,55,Francisca,History,2016,335,332,3,4819,16,0.99,99,High Digitalization
478,56,Nickolas,History,2016,435,65,370,4819,16,0.15,15,Low Digitalization
479,57,Dante,History,2016,191,180,11,4819,16,0.94,93,High Digitalization
480,58,Agness,History,2016,164,161,3,4819,16,0.98,97,High Digitalization
481,59,Jamar,History,2016,154,142,12,4819,16,0.92,92,High Digitalization
482,60,Tawana,History,2016,186,182,4,4819,16,0.98,98,High Digitalization
483,61,Tyrus,History,2016,394,378,16,4819,16,0.96,96,High Digitalization
484,62,Deshaun,History,2016,315,315,0,4819,16,1.0,99,High Digitalization
485,63,Harding,History,2016,172,17,155,4819,16,0.1,10,Low Digitalization
486,64,Migdalia,Engineering,2016,183,165,18,4131,15,0.9,90,High Digitalization
487,65,Brittani,Engineering,2016,336,336,0,4131,15,1.0,99,High Digitalization
488,66,Cheryl,Engineering,2016,380,334,46,4131,15,0.88,88,High Digitalization
489,67,Arnoldo,Engineering,2016,359,298,61,4131,15,0.83,83,High Digitalization
490,68,Linwood,Engineering,2016,218,207,11,4131,15,0.95,94,High Digitalization
491,69,Angeles,Engineering,2016,326,231,95,4131,15,0.71,71,Medium-High Digitalization
492,70,Carsen,Engineering,2016,228,27,201,4131,15,0.12,11,Low Digitalization
493,71,Newton,Engineering,2016,427,90,337,4131,15,0.21,20,Low Digitalization
494,72,Denice,Engineering,2016,393,338,55,4131,15,0.86,85,High Digitalization
495,73,Telly,Engineering,2016,216,207,9,4131,15,0.96,96,High Digitalization
496,74,Darrick,Engineering,2016,191,189,2,4131,15,0.99,98,High Digitalization
497,75,Glenn,Engineering,2016,195,193,2,4131,15,0.99,98,High Digitalization
498,76,Camille,Engineering,2016,166,156,10,4131,15,0.94,94,High Digitalization
499,77,Erica,Engineering,2016,204,31,173,4131,15,0.15,14,Low Digitalization
500,78,Erle,Engineering,2016,309,185,124,4131,15,0.6,60,Medium-High Digitalization
501,79,Lilie,Art,2016,428,415,13,2609,7,0.97,96,High Digitalization
502,80,Miles,Art,2016,398,370,28,2609,7,0.93,93,High Digitalization
503,81,Samantha,Art,2016,399,379,20,2609,7,0.95,94,High Digitalization
504,82,Ismael,Art,2016,381,373,8,2609,7,0.98,97,High Digitalization
505,83,Kelsie,Art,2016,415,403,12,2609,7,0.97,97,High Digitalization
506,84,Armando,Art,2016,206,45,161,2609,7,0.22,21,Medium-Low Digitalization
507,85,Tonia,Art,2016,381,343,38,2609,7,0.9,90,High Digitalization
508,86,Elzada,Nanagement,2016,156,48,108,4654,16,0.31,31,Medium-Low Digitalization
509,87,Ozzie,Nanagement,2016,417,363,54,4654,16,0.87,87,High Digitalization
510,88,Clemon,Nanagement,2016,214,190,24,4654,16,0.89,88,High Digitalization
511,89,Katerina,Nanagement,2016,322,29,293,4654,16,0.09,9,Low Digitalization
512,90,Joleen,Nanagement,2016,372,353,19,4654,16,0.95,95,High Digitalization
513,91,Lorraine,Nanagement,2016,204,190,14,4654,16,0.93,93,High Digitalization
514,92,Gladys,Nanagement,2016,453,281,172,4654,16,0.62,61,Medium-High Digitalization
515,93,Kassandra,Nanagement,2016,161,121,40,4654,16,0.75,74,Medium-High Digitalization
516,94,Lydell,Nanagement,2016,315,296,19,4654,16,0.94,94,High Digitalization
517,95,Lexis,Nanagement,2016,412,412,0,4654,16,1.0,99,High Digitalization
518,96,Damaris,Nanagement,2016,169,149,20,4654,16,0.88,88,High Digitalization
519,97,Rosella,Nanagement,2016,227,209,18,4654,16,0.92,92,High Digitalization
520,98,Luvinia,Nanagement,2016,176,172,4,4654,16,0.98,98,High Digitalization
521,99,Lonzo,Nanagement,2016,457,452,5,4654,16,0.99,98,High Digitalization
522,100,Shyheim,Nanagement,2016,372,368,4,4654,16,0.99,98,High Digitalization
523,101,Lyndsay,Nanagement,2016,227,225,2,4654,16,0.99,98,High Digitalization
524,102,Abram,Economy,2016,340,299,41,4842,18,0.88,87,High Digitalization
525,103,Louie,Economy,2016,309,306,3,4842,18,0.99,98,High Digitalization
526,104,Alver,Economy,2016,342,222,120,4842,18,0.65,65,Medium-High Digitalization
527,105,Mendy,Economy,2016,339,285,54,4842,18,0.84,84,High Digitalization
528,106,Sherryl,Economy,2016,164,146,18,4842,18,0.89,88,High Digitalization
529,107,Gwyn,Economy,2016,189,164,25,4842,18,0.87,87,High Digitalization
530,108,Elia,Economy,2016,358,354,4,4842,18,0.99,98,High Digitalization
531,109,Adelina,Economy,2016,224,224,0,4842,18,1.0,99,High Digitalization
532,110,Hiroshi,Economy,2016,161,26,135,4842,18,0.16,15,Low Digitalization
533,111,Dakoda,Economy,2016,413,343,70,4842,18,0.83,83,High Digitalization
534,112,Toni,Economy,2016,163,85,78,4842,18,0.52,52,Medium-High Digitalization
535,113,Mozell,Economy,2016,356,317,39,4842,18,0.89,89,High Digitalization
536,114,Audra,Economy,2016,393,354,39,4842,18,0.9,89,High Digitalization
537,115,Torey,Economy,2016,214,178,36,4842,18,0.83,82,High Digitalization
538,116,Jaydin,Economy,2016,341,341,0,4842,18,1.0,99,High Digitalization
539,117,Stormy,Economy,2016,171,164,7,4842,18,0.96,95,High Digitalization
540,118,Ellis,Economy,2016,172,29,143,4842,18,0.17,16,Low Digitalization
541,119,Johnson,Economy,2016,194,165,29,4842,18,0.85,85,High Digitalization
542,120,Tammi,Mathematics,2016,365,365,0,3278,11,1.0,99,High Digitalization
543,121,Dejah,Mathematics,2016,208,17,191,3278,11,0.08,7,Low Digitalization
544,122,Glinda,Mathematics,2016,175,4,172,3278,11,0.02,1,Low Digitalization
545,123,Eller,Mathematics,2016,417,354,63,3278,11,0.85,85,High Digitalization
546,124,Williams,Mathematics,2016,413,107,306,3278,11,0.26,26,Medium-Low Digitalization
547,125,Annette,Mathematics,2016,388,380,8,3278,11,0.98,97,High Digitalization
548,126,Edra,Mathematics,2016,198,99,99,3278,11,0.5,50,Medium-Low Digitalization
549,127,Bree,Mathematics,2016,225,225,0,3278,11,1.0,99,High Digitalization
550,128,Jessye,Mathematics,2016,195,193,2,3278,11,0.99,99,High Digitalization
551,129,Amparo,Mathematics,2016,380,365,15,3278,11,0.96,96,High Digitalization
552,130,Suzy,Mathematics,2016,315,265,50,3278,11,0.84,84,High Digitalization
553,131,Ahmad,Languages,2016,188,113,75,3245,11,0.6,59,Medium-High Digitalization
554,132,Stetson,Languages,2016,460,239,221,3245,11,0.52,51,Medium-High Digitalization
555,133,Milissa,Languages,2016,443,416,27,3245,11,0.94,94,High Digitalization
556,134,Graciela,Languages,2016,158,114,44,3245,11,0.72,72,Medium-High Digitalization
557,135,Rebekah,Languages,2016,310,56,254,3245,11,0.18,18,Low Digitalization
558,136,Johney,Languages,2016,175,96,79,3245,11,0.55,55,Medium-High Digitalization
559,137,Sophie,Languages,2016,330,330,0,3245,11,1.0,100,High Digitalization
560,138,Dove,Languages,2016,156,154,2,3245,11,0.99,98,High Digitalization
561,139,Kyle,Languages,2016,346,121,225,3245,11,0.35,35,Medium-Low Digitalization
562,140,Treena,Languages,2016,334,301,33,3245,11,0.9,90,High Digitalization
563,141,Rafe,Languages,2016,345,114,231,3245,11,0.33,32,Medium-Low Digitalization
564,1,Laquita,Sociology,2017,420,197,223,5282,17,0.47,46,Medium-Low Digitalization
565,2,Wilmer,Sociology,2017,158,145,13,5282,17,0.92,91,High Digitalization
566,3,Carla,Sociology,2017,317,70,247,5282,17,0.22,22,Medium-Low Digitalization
567,4,Natalya,Sociology,2017,165,165,0,5282,17,1.0,99,High Digitalization
568,5,Ernestina,Sociology,2017,446,437,9,5282,17,0.98,97,High Digitalization
569,6,Tamatha,Sociology,2017,205,203,2,5282,17,0.99,98,High Digitalization
570,7,Eulalie,Sociology,2017,179,165,14,5282,17,0.92,91,High Digitalization
571,8,Kiley,Sociology,2017,163,152,11,5282,17,0.93,93,High Digitalization
572,9,Collin,Sociology,2017,374,370,4,5282,17,0.99,99,High Digitalization
573,10,Tanya,Sociology,2017,328,328,0,5282,17,1.0,100,High Digitalization
574,11,Mylee,Sociology,2017,434,30,404,5282,17,0.07,7,Low Digitalization
575,12,Ludie,Sociology,2017,158,158,0,5282,17,1.0,100,High Digitalization
576,13,Sandie,Sociology,2017,446,446,0,5282,17,1.0,100,High Digitalization
577,14,Shawn,Sociology,2017,204,188,16,5282,17,0.92,92,High Digitalization
578,15,Irena,Sociology,2017,429,425,4,5282,17,0.99,99,High Digitalization
579,16,Lovey,Sociology,2017,419,419,0,5282,17,1.0,100,High Digitalization
580,17,Jeannine,Sociology,2017,437,428,9,5282,17,0.98,97,High Digitalization
581,18,Allison,Computer Science,2017,448,340,108,4490,16,0.76,75,Medium-High Digitalization
582,19,Hal,Computer Science,2017,187,187,0,4490,16,1.0,100,High Digitalization
583,20,Esta,Computer Science,2017,310,34,276,4490,16,0.11,10,Low Digitalization
584,21,Earnest,Computer Science,2017,204,202,2,4490,16,0.99,98,High Digitalization
585,22,Abdiel,Computer Science,2017,207,203,4,4490,16,0.98,97,High Digitalization
586,23,Buddy,Computer Science,2017,460,460,0,4490,16,1.0,99,High Digitalization
587,24,Jamarcus,Computer Science,2017,204,169,35,4490,16,0.83,83,High Digitalization
588,25,Antonetta,Computer Science,2017,441,441,0,4490,16,1.0,99,High Digitalization
589,26,Todd,Computer Science,2017,312,265,47,4490,16,0.85,85,High Digitalization
590,27,Lalla,Computer Science,2017,343,48,295,4490,16,0.14,13,Low Digitalization
591,28,Ossie,Computer Science,2017,175,94,80,4490,16,0.54,53,Medium-High Digitalization
592,29,Jahir,Computer Science,2017,193,193,0,4490,16,1.0,100,High Digitalization
593,30,Michelina,Computer Science,2017,317,317,0,4490,16,1.0,100,High Digitalization
594,31,Tenika,Computer Science,2017,307,307,0,4490,16,1.0,100,High Digitalization
595,32,Olan,Computer Science,2017,212,208,4,4490,16,0.98,98,High Digitalization
596,33,Jordi,Computer Science,2017,170,70,100,4490,16,0.41,41,Medium-Low Digitalization
597,34,Cicero,Philosophy,2017,415,415,0,2908,9,1.0,100,High Digitalization
598,35,Carlyn,Philosophy,2017,405,352,53,2908,9,0.87,86,High Digitalization
599,36,Trae,Philosophy,2017,434,434,0,2908,9,1.0,100,High Digitalization
600,37,Soledad,Philosophy,2017,205,203,2,2908,9,0.99,98,High Digitalization
601,38,Tate,Philosophy,2017,420,403,17,2908,9,0.96,95,High Digitalization
602,39,Tamekia,Philosophy,2017,377,377,0,2908,9,1.0,100,High Digitalization
603,40,Jane,Philosophy,2017,226,212,14,2908,9,0.94,94,High Digitalization
604,41,Lonna,Philosophy,2017,208,208,0,2908,9,1.0,99,High Digitalization
605,42,Lary,Philosophy,2017,218,216,2,2908,9,0.99,98,High Digitalization
606,43,Willa,Law,2017,162,97,65,1261,5,0.6,60,Medium-High Digitalization
607,44,Roslyn,Law,2017,442,411,31,1261,5,0.93,93,High Digitalization
608,45,Odette,Law,2017,226,226,0,1261,5,1.0,100,High Digitalization
609,46,James,Law,2017,225,14,212,1261,5,0.06,5,Low Digitalization
610,47,Carrie,Law,2017,205,199,6,1261,5,0.97,96,High Digitalization
611,48,Elana,History,2017,166,95,71,4819,16,0.57,56,Medium-High Digitalization
612,49,Belia,History,2017,446,397,49,4819,16,0.89,88,High Digitalization
613,50,Annamarie,History,2017,385,373,12,4819,16,0.97,96,High Digitalization
614,51,Magnolia,History,2017,445,182,263,4819,16,0.41,41,Medium-Low Digitalization
615,52,Arra,History,2017,436,436,0,4819,16,1.0,99,High Digitalization
616,53,Maryann,History,2017,422,89,333,4819,16,0.21,21,Medium-Low Digitalization
617,54,Anastacio,History,2017,174,157,17,4819,16,0.9,89,High Digitalization
618,55,Francisca,History,2017,335,335,0,4819,16,1.0,99,High Digitalization
619,56,Nickolas,History,2017,435,65,370,4819,16,0.15,15,Low Digitalization
620,57,Dante,History,2017,191,189,2,4819,16,0.99,98,High Digitalization
621,58,Agness,History,2017,164,161,3,4819,16,0.98,98,High Digitalization
622,59,Jamar,History,2017,154,149,5,4819,16,0.97,96,High Digitalization
623,60,Tawana,History,2017,186,182,4,4819,16,0.98,98,High Digitalization
624,61,Tyrus,History,2017,394,382,12,4819,16,0.97,96,High Digitalization
625,62,Deshaun,History,2017,315,315,0,4819,16,1.0,100,High Digitalization
626,63,Harding,History,2017,172,29,143,4819,16,0.17,17,Low Digitalization
627,64,Migdalia,Engineering,2017,183,167,16,4131,15,0.91,90,High Digitalization
628,65,Brittani,Engineering,2017,336,336,0,4131,15,1.0,100,High Digitalization
629,66,Cheryl,Engineering,2017,380,334,46,4131,15,0.88,88,High Digitalization
630,67,Arnoldo,Engineering,2017,359,352,7,4131,15,0.98,97,High Digitalization
631,68,Linwood,Engineering,2017,218,218,0,4131,15,1.0,99,High Digitalization
632,69,Angeles,Engineering,2017,326,254,72,4131,15,0.78,78,Medium-High Digitalization
633,70,Carsen,Engineering,2017,228,30,198,4131,15,0.13,12,Low Digitalization
634,71,Newton,Engineering,2017,427,154,273,4131,15,0.36,35,Medium-Low Digitalization
635,72,Denice,Engineering,2017,393,362,31,4131,15,0.92,92,High Digitalization
636,73,Telly,Engineering,2017,216,216,0,4131,15,1.0,99,High Digitalization
637,74,Darrick,Engineering,2017,191,191,0,4131,15,1.0,99,High Digitalization
638,75,Glenn,Engineering,2017,195,193,2,4131,15,0.99,99,High Digitalization
639,76,Camille,Engineering,2017,166,166,0,4131,15,1.0,99,High Digitalization
640,77,Erica,Engineering,2017,204,45,159,4131,15,0.22,21,Medium-Low Digitalization
641,78,Erle,Engineering,2017,309,297,12,4131,15,0.96,96,High Digitalization
642,79,Lilie,Art,2017,428,428,0,2609,7,1.0,99,High Digitalization
643,80,Miles,Art,2017,398,382,16,2609,7,0.96,95,High Digitalization
644,81,Samantha,Art,2017,399,395,4,2609,7,0.99,98,High Digitalization
645,82,Ismael,Art,2017,381,381,0,2609,7,1.0,99,High Digitalization
646,83,Kelsie,Art,2017,415,415,0,2609,7,1.0,99,High Digitalization
647,84,Armando,Art,2017,206,68,138,2609,7,0.33,33,Medium-Low Digitalization
648,85,Tonia,Art,2017,381,343,38,2609,7,0.9,90,High Digitalization
649,86,Elzada,Nanagement,2017,156,94,62,4654,16,0.6,60,Medium-High Digitalization
650,87,Ozzie,Nanagement,2017,417,409,8,4654,16,0.98,98,High Digitalization
651,88,Clemon,Nanagement,2017,214,203,11,4654,16,0.95,95,High Digitalization
652,89,Katerina,Nanagement,2017,322,45,277,4654,16,0.14,13,Low Digitalization
653,90,Joleen,Nanagement,2017,372,365,7,4654,16,0.98,97,High Digitalization
654,91,Lorraine,Nanagement,2017,204,198,6,4654,16,0.97,96,High Digitalization
655,92,Gladys,Nanagement,2017,453,394,59,4654,16,0.87,86,High Digitalization
656,93,Kassandra,Nanagement,2017,161,148,13,4654,16,0.92,92,High Digitalization
657,94,Lydell,Nanagement,2017,315,309,6,4654,16,0.98,97,High Digitalization
658,95,Lexis,Nanagement,2017,412,412,0,4654,16,1.0,100,High Digitalization
659,96,Damaris,Nanagement,2017,169,149,20,4654,16,0.88,88,High Digitalization
660,97,Rosella,Nanagement,2017,227,222,5,4654,16,0.98,98,High Digitalization
661,98,Luvinia,Nanagement,2017,176,174,2,4654,16,0.99,98,High Digitalization
662,99,Lonzo,Nanagement,2017,457,457,0,4654,16,1.0,99,High Digitalization
663,100,Shyheim,Nanagement,2017,372,368,4,4654,16,0.99,99,High Digitalization
664,101,Lyndsay,Nanagement,2017,227,227,0,4654,16,1.0,99,High Digitalization
665,102,Abram,Economy,2017,340,337,3,4842,18,0.99,99,High Digitalization
666,103,Louie,Economy,2017,309,306,3,4842,18,0.99,99,High Digitalization
667,104,Alver,Economy,2017,342,260,82,4842,18,0.76,76,Medium-High Digitalization
668,105,Mendy,Economy,2017,339,332,7,4842,18,0.98,98,High Digitalization
669,106,Sherryl,Economy,2017,164,164,0,4842,18,1.0,99,High Digitalization
670,107,Gwyn,Economy,2017,189,174,15,4842,18,0.92,92,High Digitalization
671,108,Elia,Economy,2017,358,354,4,4842,18,0.99,99,High Digitalization
672,109,Adelina,Economy,2017,224,224,0,4842,18,1.0,100,High Digitalization
673,110,Hiroshi,Economy,2017,161,43,118,4842,18,0.27,26,Medium-Low Digitalization
674,111,Dakoda,Economy,2017,413,380,33,4842,18,0.92,92,High Digitalization
675,112,Toni,Economy,2017,163,124,39,4842,18,0.76,75,Medium-High Digitalization
676,113,Mozell,Economy,2017,356,342,14,4842,18,0.96,96,High Digitalization
677,114,Audra,Economy,2017,393,358,35,4842,18,0.91,90,High Digitalization
678,115,Torey,Economy,2017,214,199,15,4842,18,0.93,92,High Digitalization
679,116,Jaydin,Economy,2017,341,341,0,4842,18,1.0,100,High Digitalization
680,117,Stormy,Economy,2017,171,166,5,4842,18,0.97,96,High Digitalization
681,118,Ellis,Economy,2017,172,53,119,4842,18,0.31,30,Medium-Low Digitalization
682,119,Johnson,Economy,2017,194,180,14,4842,18,0.93,92,High Digitalization
683,120,Tammi,Mathematics,2017,365,365,0,3278,11,1.0,100,High Digitalization
684,121,Dejah,Mathematics,2017,208,25,183,3278,11,0.12,11,Low Digitalization
685,122,Glinda,Mathematics,2017,175,5,170,3278,11,0.03,2,Low Digitalization
686,123,Eller,Mathematics,2017,417,375,42,3278,11,0.9,90,High Digitalization
687,124,Williams,Mathematics,2017,413,165,248,3278,11,0.4,39,Medium-Low Digitalization
688,125,Annette,Mathematics,2017,388,380,8,3278,11,0.98,98,High Digitalization
689,126,Edra,Mathematics,2017,198,109,89,3278,11,0.55,54,Medium-High Digitalization
690,127,Bree,Mathematics,2017,225,225,0,3278,11,1.0,100,High Digitalization
691,128,Jessye,Mathematics,2017,195,193,2,3278,11,0.99,99,High Digitalization
692,129,Amparo,Mathematics,2017,380,365,15,3278,11,0.96,96,High Digitalization
693,130,Suzy,Mathematics,2017,315,299,16,3278,11,0.95,94,High Digitalization
694,131,Ahmad,Languages,2017,188,120,68,3245,11,0.64,64,Medium-High Digitalization
695,132,Stetson,Languages,2017,460,262,198,3245,11,0.57,57,Medium-High Digitalization
696,133,Milissa,Languages,2017,443,443,0,3245,11,1.0,99,High Digitalization
697,134,Graciela,Languages,2017,158,141,17,3245,11,0.89,89,High Digitalization
698,135,Rebekah,Languages,2017,310,93,217,3245,11,0.3,29,Medium-Low Digitalization
699,136,Johney,Languages,2017,175,159,16,3245,11,0.91,90,High Digitalization
700,137,Sophie,Languages,2017,330,330,0,3245,11,1.0,100,High Digitalization
701,138,Dove,Languages,2017,156,156,0,3245,11,1.0,99,High Digitalization
702,139,Kyle,Languages,2017,346,135,211,3245,11,0.39,38,Medium-Low Digitalization
703,140,Treena,Languages,2017,334,317,17,3245,11,0.95,94,High Digitalization
704,141,Rafe,Languages,2017,345,193,152,3245,11,0.56,56,Medium-High Digitalization
705,1,Laquita,Sociology,2018,420,265,155,5282,17,0.63,62,Medium-High Digitalization
706,2,Wilmer,Sociology,2018,158,150,8,5282,17,0.95,94,High Digitalization
707,3,Carla,Sociology,2018,317,124,193,5282,17,0.39,38,Medium-Low Digitalization
708,4,Natalya,Sociology,2018,165,165,0,5282,17,1.0,100,High Digitalization
709,5,Ernestina,Sociology,2018,446,446,0,5282,17,1.0,99,High Digitalization
710,6,Tamatha,Sociology,2018,205,203,2,5282,17,0.99,99,High Digitalization
711,7,Eulalie,Sociology,2018,179,175,4,5282,17,0.98,97,High Digitalization
712,8,Kiley,Sociology,2018,163,153,10,5282,17,0.94,93,High Digitalization
713,9,Collin,Sociology,2018,374,374,0,5282,17,1.0,99,High Digitalization
714,10,Tanya,Sociology,2018,328,328,0,5282,17,1.0,100,High Digitalization
715,11,Mylee,Sociology,2018,434,56,378,5282,17,0.13,12,Low Digitalization
716,12,Ludie,Sociology,2018,158,158,0,5282,17,1.0,100,High Digitalization
717,13,Sandie,Sociology,2018,446,446,0,5282,17,1.0,100,High Digitalization
718,14,Shawn,Sociology,2018,204,200,4,5282,17,0.98,98,High Digitalization
719,15,Irena,Sociology,2018,429,425,4,5282,17,0.99,99,High Digitalization
720,16,Lovey,Sociology,2018,419,419,0,5282,17,1.0,100,High Digitalization
721,17,Jeannine,Sociology,2018,437,437,0,5282,17,1.0,99,High Digitalization
722,18,Allison,Computer Science,2018,448,394,54,4490,16,0.88,88,High Digitalization
723,19,Hal,Computer Science,2018,187,187,0,4490,16,1.0,100,High Digitalization
724,20,Esta,Computer Science,2018,310,46,264,4490,16,0.15,15,Low Digitalization
725,21,Earnest,Computer Science,2018,204,204,0,4490,16,1.0,99,High Digitalization
726,22,Abdiel,Computer Science,2018,207,203,4,4490,16,0.98,98,High Digitalization
727,23,Buddy,Computer Science,2018,460,460,0,4490,16,1.0,100,High Digitalization
728,24,Jamarcus,Computer Science,2018,204,173,31,4490,16,0.85,85,High Digitalization
729,25,Antonetta,Computer Science,2018,441,441,0,4490,16,1.0,100,High Digitalization
730,26,Todd,Computer Science,2018,312,296,16,4490,16,0.95,95,High Digitalization
731,27,Lalla,Computer Science,2018,343,79,264,4490,16,0.23,23,Medium-Low Digitalization
732,28,Ossie,Computer Science,2018,175,135,40,4490,16,0.77,77,Medium-High Digitalization
733,29,Jahir,Computer Science,2018,193,193,0,4490,16,1.0,100,High Digitalization
734,30,Michelina,Computer Science,2018,317,317,0,4490,16,1.0,100,High Digitalization
735,31,Tenika,Computer Science,2018,307,307,0,4490,16,1.0,100,High Digitalization
736,32,Olan,Computer Science,2018,212,212,0,4490,16,1.0,99,High Digitalization
737,33,Jordi,Computer Science,2018,170,138,32,4490,16,0.81,80,Medium-High Digitalization
738,34,Cicero,Philosophy,2018,415,415,0,2908,9,1.0,100,High Digitalization
739,35,Carlyn,Philosophy,2018,405,377,28,2908,9,0.93,93,High Digitalization
740,36,Trae,Philosophy,2018,434,434,0,2908,9,1.0,100,High Digitalization
741,37,Soledad,Philosophy,2018,205,205,0,2908,9,1.0,99,High Digitalization
742,38,Tate,Philosophy,2018,420,420,0,2908,9,1.0,99,High Digitalization
743,39,Tamekia,Philosophy,2018,377,377,0,2908,9,1.0,100,High Digitalization
744,40,Jane,Philosophy,2018,226,215,11,2908,9,0.95,94,High Digitalization
745,41,Lonna,Philosophy,2018,208,208,0,2908,9,1.0,100,High Digitalization
746,42,Lary,Philosophy,2018,218,218,0,2908,9,1.0,99,High Digitalization
747,43,Willa,Law,2018,162,130,32,1261,5,0.8,79,Medium-High Digitalization
748,44,Roslyn,Law,2018,442,433,9,1261,5,0.98,97,High Digitalization
749,45,Odette,Law,2018,226,226,0,1261,5,1.0,100,High Digitalization
750,46,James,Law,2018,225,22,202,1261,5,0.1,9,Low Digitalization
751,47,Carrie,Law,2018,205,205,0,1261,5,1.0,99,High Digitalization
752,48,Elana,History,2018,166,139,27,4819,16,0.84,84,High Digitalization
753,49,Belia,History,2018,446,415,31,4819,16,0.93,93,High Digitalization
754,50,Annamarie,History,2018,385,385,0,4819,16,1.0,99,High Digitalization
755,51,Magnolia,History,2018,445,360,85,4819,16,0.81,81,High Digitalization
756,52,Arra,History,2018,436,436,0,4819,16,1.0,100,High Digitalization
757,53,Maryann,History,2018,422,173,249,4819,16,0.41,40,Medium-Low Digitalization
758,54,Anastacio,History,2018,174,171,3,4819,16,0.98,98,High Digitalization
759,55,Francisca,History,2018,335,335,0,4819,16,1.0,100,High Digitalization
760,56,Nickolas,History,2018,435,70,365,4819,16,0.16,15,Low Digitalization
761,57,Dante,History,2018,191,191,0,4819,16,1.0,99,High Digitalization
762,58,Agness,History,2018,164,164,0,4819,16,1.0,99,High Digitalization
763,59,Jamar,History,2018,154,154,0,4819,16,1.0,99,High Digitalization
764,60,Tawana,History,2018,186,182,4,4819,16,0.98,98,High Digitalization
765,61,Tyrus,History,2018,394,386,8,4819,16,0.98,97,High Digitalization
766,62,Deshaun,History,2018,315,315,0,4819,16,1.0,100,High Digitalization
767,63,Harding,History,2018,172,41,131,4819,16,0.24,24,Medium-Low Digitalization
768,64,Migdalia,Engineering,2018,183,167,16,4131,15,0.91,91,High Digitalization
769,65,Brittani,Engineering,2018,336,336,0,4131,15,1.0,100,High Digitalization
770,66,Cheryl,Engineering,2018,380,350,30,4131,15,0.92,91,High Digitalization
771,67,Arnoldo,Engineering,2018,359,359,0,4131,15,1.0,99,High Digitalization
772,68,Linwood,Engineering,2018,218,218,0,4131,15,1.0,100,High Digitalization
773,69,Angeles,Engineering,2018,326,258,68,4131,15,0.79,78,Medium-High Digitalization
774,70,Carsen,Engineering,2018,228,46,182,4131,15,0.2,20,Low Digitalization
775,71,Newton,Engineering,2018,427,214,214,4131,15,0.5,50,Medium-Low Digitalization
776,72,Denice,Engineering,2018,393,365,28,4131,15,0.93,92,High Digitalization
777,73,Telly,Engineering,2018,216,216,0,4131,15,1.0,100,High Digitalization
778,74,Darrick,Engineering,2018,191,191,0,4131,15,1.0,100,High Digitalization
779,75,Glenn,Engineering,2018,195,195,0,4131,15,1.0,99,High Digitalization
780,76,Camille,Engineering,2018,166,166,0,4131,15,1.0,100,High Digitalization
781,77,Erica,Engineering,2018,204,80,124,4131,15,0.39,39,Medium-Low Digitalization
782,78,Erle,Engineering,2018,309,303,6,4131,15,0.98,97,High Digitalization
783,79,Lilie,Art,2018,428,428,0,2609,7,1.0,100,High Digitalization
784,80,Miles,Art,2018,398,398,0,2609,7,1.0,99,High Digitalization
785,81,Samantha,Art,2018,399,399,0,2609,7,1.0,99,High Digitalization
786,82,Ismael,Art,2018,381,381,0,2609,7,1.0,100,High Digitalization
787,83,Kelsie,Art,2018,415,415,0,2609,7,1.0,100,High Digitalization
788,84,Armando,Art,2018,206,72,134,2609,7,0.35,35,Medium-Low Digitalization
789,85,Tonia,Art,2018,381,370,11,2609,7,0.97,97,High Digitalization
790,86,Elzada,Nanagement,2018,156,109,47,4654,16,0.7,69,Medium-High Digitalization
791,87,Ozzie,Nanagement,2018,417,409,8,4654,16,0.98,98,High Digitalization
792,88,Clemon,Nanagement,2018,214,208,6,4654,16,0.97,96,High Digitalization
793,89,Katerina,Nanagement,2018,322,77,245,4654,16,0.24,23,Medium-Low Digitalization
794,90,Joleen,Nanagement,2018,372,372,0,4654,16,1.0,99,High Digitalization
795,91,Lorraine,Nanagement,2018,204,202,2,4654,16,0.99,98,High Digitalization
796,92,Gladys,Nanagement,2018,453,439,14,4654,16,0.97,97,High Digitalization
797,93,Kassandra,Nanagement,2018,161,155,6,4654,16,0.96,95,High Digitalization
798,94,Lydell,Nanagement,2018,315,315,0,4654,16,1.0,99,High Digitalization
799,95,Lexis,Nanagement,2018,412,412,0,4654,16,1.0,100,High Digitalization
800,96,Damaris,Nanagement,2018,169,159,10,4654,16,0.94,94,High Digitalization
801,97,Rosella,Nanagement,2018,227,225,2,4654,16,0.99,98,High Digitalization
802,98,Luvinia,Nanagement,2018,176,176,0,4654,16,1.0,99,High Digitalization
803,99,Lonzo,Nanagement,2018,457,457,0,4654,16,1.0,100,High Digitalization
804,100,Shyheim,Nanagement,2018,372,372,0,4654,16,1.0,99,High Digitalization
805,101,Lyndsay,Nanagement,2018,227,227,0,4654,16,1.0,100,High Digitalization
806,102,Abram,Economy,2018,340,340,0,4842,18,1.0,99,High Digitalization
807,103,Louie,Economy,2018,309,309,0,4842,18,1.0,99,High Digitalization
808,104,Alver,Economy,2018,342,318,24,4842,18,0.93,93,High Digitalization
809,105,Mendy,Economy,2018,339,336,3,4842,18,0.99,98,High Digitalization
810,106,Sherryl,Economy,2018,164,164,0,4842,18,1.0,100,High Digitalization
811,107,Gwyn,Economy,2018,189,185,4,4842,18,0.98,98,High Digitalization
812,108,Elia,Economy,2018,358,358,0,4842,18,1.0,99,High Digitalization
813,109,Adelina,Economy,2018,224,224,0,4842,18,1.0,100,High Digitalization
814,110,Hiroshi,Economy,2018,161,66,95,4842,18,0.41,41,Medium-Low Digitalization
815,111,Dakoda,Economy,2018,413,405,8,4842,18,0.98,98,High Digitalization
816,112,Toni,Economy,2018,163,137,26,4842,18,0.84,84,High Digitalization
817,113,Mozell,Economy,2018,356,345,11,4842,18,0.97,96,High Digitalization
818,114,Audra,Economy,2018,393,381,12,4842,18,0.97,97,High Digitalization
819,115,Torey,Economy,2018,214,210,4,4842,18,0.98,97,High Digitalization
820,116,Jaydin,Economy,2018,341,341,0,4842,18,1.0,100,High Digitalization
821,117,Stormy,Economy,2018,171,168,3,4842,18,0.98,97,High Digitalization
822,118,Ellis,Economy,2018,172,71,101,4842,18,0.41,41,Medium-Low Digitalization
823,119,Johnson,Economy,2018,194,188,6,4842,18,0.97,96,High Digitalization
824,120,Tammi,Mathematics,2018,365,365,0,3278,11,1.0,100,High Digitalization
825,121,Dejah,Mathematics,2018,208,42,166,3278,11,0.2,19,Low Digitalization
826,122,Glinda,Mathematics,2018,175,9,166,3278,11,0.05,5,Low Digitalization
827,123,Eller,Mathematics,2018,417,379,38,3278,11,0.91,90,High Digitalization
828,124,Williams,Mathematics,2018,413,326,87,3278,11,0.79,78,Medium-High Digitalization
829,125,Annette,Mathematics,2018,388,388,0,3278,11,1.0,99,High Digitalization
830,126,Edra,Mathematics,2018,198,133,65,3278,11,0.67,67,Medium-High Digitalization
831,127,Bree,Mathematics,2018,225,225,0,3278,11,1.0,100,High Digitalization
832,128,Jessye,Mathematics,2018,195,195,0,3278,11,1.0,99,High Digitalization
833,129,Amparo,Mathematics,2018,380,369,11,3278,11,0.97,96,High Digitalization
834,130,Suzy,Mathematics,2018,315,309,6,3278,11,0.98,97,High Digitalization
835,131,Ahmad,Languages,2018,188,141,47,3245,11,0.75,74,Medium-High Digitalization
836,132,Stetson,Languages,2018,460,322,138,3245,11,0.7,70,Medium-High Digitalization
837,133,Milissa,Languages,2018,443,443,0,3245,11,1.0,100,High Digitalization
838,134,Graciela,Languages,2018,158,155,3,3245,11,0.98,97,High Digitalization
839,135,Rebekah,Languages,2018,310,164,146,3245,11,0.53,52,Medium-High Digitalization
840,136,Johney,Languages,2018,175,173,2,3245,11,0.99,99,High Digitalization
841,137,Sophie,Languages,2018,330,330,0,3245,11,1.0,100,High Digitalization
842,138,Dove,Languages,2018,156,156,0,3245,11,1.0,100,High Digitalization
843,139,Kyle,Languages,2018,346,221,125,3245,11,0.64,64,Medium-High Digitalization
844,140,Treena,Languages,2018,334,327,7,3245,11,0.98,97,High Digitalization
845,141,Rafe,Languages,2018,345,210,135,3245,11,0.61,61,Medium-High Digitalization
846,1,Laquita,Sociology,2019,420,399,21,5282,17,0.95,95,High Digitalization
847,2,Wilmer,Sociology,2019,158,158,0,5282,17,1.0,99,High Digitalization
848,3,Carla,Sociology,2019,317,216,101,5282,17,0.68,68,Medium-High Digitalization
849,4,Natalya,Sociology,2019,165,165,0,5282,17,1.0,100,High Digitalization
850,5,Ernestina,Sociology,2019,446,446,0,5282,17,1.0,100,High Digitalization
851,6,Tamatha,Sociology,2019,205,205,0,5282,17,1.0,99,High Digitalization
852,7,Eulalie,Sociology,2019,179,175,4,5282,17,0.98,98,High Digitalization
853,8,Kiley,Sociology,2019,163,155,8,5282,17,0.95,94,High Digitalization
854,9,Collin,Sociology,2019,374,374,0,5282,17,1.0,100,High Digitalization
855,10,Tanya,Sociology,2019,328,328,0,5282,17,1.0,100,High Digitalization
856,11,Mylee,Sociology,2019,434,91,343,5282,17,0.21,21,Medium-Low Digitalization
857,12,Ludie,Sociology,2019,158,158,0,5282,17,1.0,100,High Digitalization
858,13,Sandie,Sociology,2019,446,446,0,5282,17,1.0,100,High Digitalization
859,14,Shawn,Sociology,2019,204,204,0,5282,17,1.0,99,High Digitalization
860,15,Irena,Sociology,2019,429,425,4,5282,17,0.99,99,High Digitalization
861,16,Lovey,Sociology,2019,419,419,0,5282,17,1.0,100,High Digitalization
862,17,Jeannine,Sociology,2019,437,437,0,5282,17,1.0,100,High Digitalization
863,18,Allison,Computer Science,2019,448,408,40,4490,16,0.91,90,High Digitalization
864,19,Hal,Computer Science,2019,187,187,0,4490,16,1.0,100,High Digitalization
865,20,Esta,Computer Science,2019,310,81,229,4490,16,0.26,25,Medium-Low Digitalization
866,21,Earnest,Computer Science,2019,204,204,0,4490,16,1.0,100,High Digitalization
867,22,Abdiel,Computer Science,2019,207,205,2,4490,16,0.99,98,High Digitalization
868,23,Buddy,Computer Science,2019,460,460,0,4490,16,1.0,100,High Digitalization
869,24,Jamarcus,Computer Science,2019,204,180,24,4490,16,0.88,87,High Digitalization
870,25,Antonetta,Computer Science,2019,441,441,0,4490,16,1.0,100,High Digitalization
871,26,Todd,Computer Science,2019,312,312,0,4490,16,1.0,99,High Digitalization
872,27,Lalla,Computer Science,2019,343,86,257,4490,16,0.25,24,Medium-Low Digitalization
873,28,Ossie,Computer Science,2019,175,173,2,4490,16,0.99,98,High Digitalization
874,29,Jahir,Computer Science,2019,193,193,0,4490,16,1.0,100,High Digitalization
875,30,Michelina,Computer Science,2019,317,317,0,4490,16,1.0,100,High Digitalization
876,31,Tenika,Computer Science,2019,307,307,0,4490,16,1.0,100,High Digitalization
877,32,Olan,Computer Science,2019,212,212,0,4490,16,1.0,100,High Digitalization
878,33,Jordi,Computer Science,2019,170,162,8,4490,16,0.95,94,High Digitalization
879,34,Cicero,Philosophy,2019,415,415,0,2908,9,1.0,100,High Digitalization
880,35,Carlyn,Philosophy,2019,405,401,4,2908,9,0.99,98,High Digitalization
881,36,Trae,Philosophy,2019,434,434,0,2908,9,1.0,100,High Digitalization
882,37,Soledad,Philosophy,2019,205,205,0,2908,9,1.0,100,High Digitalization
883,38,Tate,Philosophy,2019,420,420,0,2908,9,1.0,100,High Digitalization
884,39,Tamekia,Philosophy,2019,377,377,0,2908,9,1.0,100,High Digitalization
885,40,Jane,Philosophy,2019,226,226,0,2908,9,1.0,99,High Digitalization
886,41,Lonna,Philosophy,2019,208,208,0,2908,9,1.0,100,High Digitalization
887,42,Lary,Philosophy,2019,218,218,0,2908,9,1.0,100,High Digitalization
888,43,Willa,Law,2019,162,149,13,1261,5,0.92,92,High Digitalization
889,44,Roslyn,Law,2019,442,442,0,1261,5,1.0,99,High Digitalization
890,45,Odette,Law,2019,226,226,0,1261,5,1.0,100,High Digitalization
891,46,James,Law,2019,225,38,187,1261,5,0.17,16,Low Digitalization
892,47,Carrie,Law,2019,205,205,0,1261,5,1.0,100,High Digitalization
893,48,Elana,History,2019,166,163,3,4819,16,0.98,98,High Digitalization
894,49,Belia,History,2019,446,428,18,4819,16,0.96,95,High Digitalization
895,50,Annamarie,History,2019,385,385,0,4819,16,1.0,100,High Digitalization
896,51,Magnolia,History,2019,445,369,76,4819,16,0.83,83,High Digitalization
897,52,Arra,History,2019,436,436,0,4819,16,1.0,100,High Digitalization
898,53,Maryann,History,2019,422,194,228,4819,16,0.46,46,Medium-Low Digitalization
899,54,Anastacio,History,2019,174,174,0,4819,16,1.0,99,High Digitalization
900,55,Francisca,History,2019,335,335,0,4819,16,1.0,100,High Digitalization
901,56,Nickolas,History,2019,435,135,300,4819,16,0.31,31,Medium-Low Digitalization
902,57,Dante,History,2019,191,191,0,4819,16,1.0,100,High Digitalization
903,58,Agness,History,2019,164,164,0,4819,16,1.0,100,High Digitalization
904,59,Jamar,History,2019,154,154,0,4819,16,1.0,100,High Digitalization
905,60,Tawana,History,2019,186,186,0,4819,16,1.0,99,High Digitalization
906,61,Tyrus,History,2019,394,390,4,4819,16,0.99,98,High Digitalization
907,62,Deshaun,History,2019,315,315,0,4819,16,1.0,100,High Digitalization
908,63,Harding,History,2019,172,72,100,4819,16,0.42,41,Medium-Low Digitalization
909,64,Migdalia,Engineering,2019,183,176,7,4131,15,0.96,96,High Digitalization
910,65,Brittani,Engineering,2019,336,336,0,4131,15,1.0,100,High Digitalization
911,66,Cheryl,Engineering,2019,380,376,4,4131,15,0.99,99,High Digitalization
912,67,Arnoldo,Engineering,2019,359,359,0,4131,15,1.0,100,High Digitalization
913,68,Linwood,Engineering,2019,218,218,0,4131,15,1.0,100,High Digitalization
914,69,Angeles,Engineering,2019,326,300,26,4131,15,0.92,91,High Digitalization
915,70,Carsen,Engineering,2019,228,87,141,4131,15,0.38,38,Medium-Low Digitalization
916,71,Newton,Engineering,2019,427,414,13,4131,15,0.97,97,High Digitalization
917,72,Denice,Engineering,2019,393,369,24,4131,15,0.94,93,High Digitalization
918,73,Telly,Engineering,2019,216,216,0,4131,15,1.0,100,High Digitalization
919,74,Darrick,Engineering,2019,191,191,0,4131,15,1.0,100,High Digitalization
920,75,Glenn,Engineering,2019,195,195,0,4131,15,1.0,100,High Digitalization
921,76,Camille,Engineering,2019,166,166,0,4131,15,1.0,100,High Digitalization
922,77,Erica,Engineering,2019,204,104,100,4131,15,0.51,51,Medium-High Digitalization
923,78,Erle,Engineering,2019,309,309,0,4131,15,1.0,99,High Digitalization
924,79,Lilie,Art,2019,428,428,0,2609,7,1.0,100,High Digitalization
925,80,Miles,Art,2019,398,398,0,2609,7,1.0,100,High Digitalization
926,81,Samantha,Art,2019,399,399,0,2609,7,1.0,100,High Digitalization
927,82,Ismael,Art,2019,381,381,0,2609,7,1.0,100,High Digitalization
928,83,Kelsie,Art,2019,415,415,0,2609,7,1.0,100,High Digitalization
929,84,Armando,Art,2019,206,103,103,2609,7,0.5,50,Medium-Low Digitalization
930,85,Tonia,Art,2019,381,381,0,2609,7,1.0,99,High Digitalization
931,86,Elzada,Nanagement,2019,156,145,11,4654,16,0.93,93,High Digitalization
932,87,Ozzie,Nanagement,2019,417,417,0,4654,16,1.0,99,High Digitalization
933,88,Clemon,Nanagement,2019,214,214,0,4654,16,1.0,99,High Digitalization
934,89,Katerina,Nanagement,2019,322,132,190,4654,16,0.41,40,Medium-Low Digitalization
935,90,Joleen,Nanagement,2019,372,372,0,4654,16,1.0,100,High Digitalization
936,91,Lorraine,Nanagement,2019,204,202,2,4654,16,0.99,99,High Digitalization
937,92,Gladys,Nanagement,2019,453,444,9,4654,16,0.98,97,High Digitalization
938,93,Kassandra,Nanagement,2019,161,156,5,4654,16,0.97,96,High Digitalization
939,94,Lydell,Nanagement,2019,315,315,0,4654,16,1.0,100,High Digitalization
940,95,Lexis,Nanagement,2019,412,412,0,4654,16,1.0,100,High Digitalization
941,96,Damaris,Nanagement,2019,169,162,7,4654,16,0.96,95,High Digitalization
942,97,Rosella,Nanagement,2019,227,225,2,4654,16,0.99,99,High Digitalization
943,98,Luvinia,Nanagement,2019,176,176,0,4654,16,1.0,100,High Digitalization
944,99,Lonzo,Nanagement,2019,457,457,0,4654,16,1.0,100,High Digitalization
945,100,Shyheim,Nanagement,2019,372,372,0,4654,16,1.0,100,High Digitalization
946,101,Lyndsay,Nanagement,2019,227,227,0,4654,16,1.0,100,High Digitalization
947,102,Abram,Economy,2019,340,340,0,4842,18,1.0,100,High Digitalization
948,103,Louie,Economy,2019,309,309,0,4842,18,1.0,100,High Digitalization
949,104,Alver,Economy,2019,342,325,17,4842,18,0.95,94,High Digitalization
950,105,Mendy,Economy,2019,339,336,3,4842,18,0.99,99,High Digitalization
951,106,Sherryl,Economy,2019,164,164,0,4842,18,1.0,100,High Digitalization
952,107,Gwyn,Economy,2019,189,189,0,4842,18,1.0,99,High Digitalization
953,108,Elia,Economy,2019,358,358,0,4842,18,1.0,100,High Digitalization
954,109,Adelina,Economy,2019,224,224,0,4842,18,1.0,100,High Digitalization
955,110,Hiroshi,Economy,2019,161,77,84,4842,18,0.48,47,Medium-Low Digitalization
956,111,Dakoda,Economy,2019,413,413,0,4842,18,1.0,99,High Digitalization
957,112,Toni,Economy,2019,163,156,7,4842,18,0.96,95,High Digitalization
958,113,Mozell,Economy,2019,356,356,0,4842,18,1.0,99,High Digitalization
959,114,Audra,Economy,2019,393,385,8,4842,18,0.98,97,High Digitalization
960,115,Torey,Economy,2019,214,214,0,4842,18,1.0,99,High Digitalization
961,116,Jaydin,Economy,2019,341,341,0,4842,18,1.0,100,High Digitalization
962,117,Stormy,Economy,2019,171,169,2,4842,18,0.99,98,High Digitalization
963,118,Ellis,Economy,2019,172,129,43,4842,18,0.75,75,Medium-High Digitalization
964,119,Johnson,Economy,2019,194,194,0,4842,18,1.0,99,High Digitalization
965,120,Tammi,Mathematics,2019,365,365,0,3278,11,1.0,100,High Digitalization
966,121,Dejah,Mathematics,2019,208,48,160,3278,11,0.23,23,Medium-Low Digitalization
967,122,Glinda,Mathematics,2019,175,16,159,3278,11,0.09,8,Low Digitalization
968,123,Eller,Mathematics,2019,417,400,17,3278,11,0.96,95,High Digitalization
969,124,Williams,Mathematics,2019,413,409,4,3278,11,0.99,98,High Digitalization
970,125,Annette,Mathematics,2019,388,388,0,3278,11,1.0,100,High Digitalization
971,126,Edra,Mathematics,2019,198,160,38,3278,11,0.81,81,High Digitalization
972,127,Bree,Mathematics,2019,225,225,0,3278,11,1.0,100,High Digitalization
973,128,Jessye,Mathematics,2019,195,195,0,3278,11,1.0,100,High Digitalization
974,129,Amparo,Mathematics,2019,380,369,11,3278,11,0.97,97,High Digitalization
975,130,Suzy,Mathematics,2019,315,315,0,3278,11,1.0,99,High Digitalization
976,131,Ahmad,Languages,2019,188,179,9,3245,11,0.95,95,High Digitalization
977,132,Stetson,Languages,2019,460,354,106,3245,11,0.77,76,Medium-High Digitalization
978,133,Milissa,Languages,2019,443,443,0,3245,11,1.0,100,High Digitalization
979,134,Graciela,Languages,2019,158,158,0,3245,11,1.0,99,High Digitalization
980,135,Rebekah,Languages,2019,310,239,71,3245,11,0.77,77,Medium-High Digitalization
981,136,Johney,Languages,2019,175,173,2,3245,11,0.99,99,High Digitalization
982,137,Sophie,Languages,2019,330,330,0,3245,11,1.0,100,High Digitalization
983,138,Dove,Languages,2019,156,156,0,3245,11,1.0,100,High Digitalization
984,139,Kyle,Languages,2019,346,339,7,3245,11,0.98,97,High Digitalization
985,140,Treena,Languages,2019,334,327,7,3245,11,0.98,98,High Digitalization
986,141,Rafe,Languages,2019,345,241,104,3245,11,0.7,70,Medium-High Digitalization
987,1,Laquita,Sociology,2020,420,416,4,5282,17,0.99,98,High Digitalization
988,2,Wilmer,Sociology,2020,158,158,0,5282,17,1.0,100,High Digitalization
989,3,Carla,Sociology,2020,317,314,3,5282,17,0.99,99,High Digitalization
990,4,Natalya,Sociology,2020,165,165,0,5282,17,1.0,100,High Digitalization
991,5,Ernestina,Sociology,2020,446,446,0,5282,17,1.0,100,High Digitalization
992,6,Tamatha,Sociology,2020,205,205,0,5282,17,1.0,100,High Digitalization
993,7,Eulalie,Sociology,2020,179,175,4,5282,17,0.98,98,High Digitalization
994,8,Kiley,Sociology,2020,163,163,0,5282,17,1.0,99,High Digitalization
995,9,Collin,Sociology,2020,374,374,0,5282,17,1.0,100,High Digitalization
996,10,Tanya,Sociology,2020,328,328,0,5282,17,1.0,100,High Digitalization
997,11,Mylee,Sociology,2020,434,108,326,5282,17,0.25,24,Medium-Low Digitalization
998,12,Ludie,Sociology,2020,158,158,0,5282,17,1.0,100,High Digitalization
999,13,Sandie,Sociology,2020,446,446,0,5282,17,1.0,100,High Digitalization
1000,14,Shawn,Sociology,2020,204,204,0,5282,17,1.0,100,High Digitalization
1001,15,Irena,Sociology,2020,429,429,0,5282,17,1.0,99,High Digitalization
1002,16,Lovey,Sociology,2020,419,419,0,5282,17,1.0,100,High Digitalization
1003,17,Jeannine,Sociology,2020,437,437,0,5282,17,1.0,100,High Digitalization
1004,18,Allison,Computer Science,2020,448,435,13,4490,16,0.97,97,High Digitalization
1005,19,Hal,Computer Science,2020,187,187,0,4490,16,1.0,100,High Digitalization
1006,20,Esta,Computer Science,2020,310,90,220,4490,16,0.29,29,Medium-Low Digitalization
1007,21,Earnest,Computer Science,2020,204,204,0,4490,16,1.0,100,High Digitalization
1008,22,Abdiel,Computer Science,2020,207,205,2,4490,16,0.99,99,High Digitalization
1009,23,Buddy,Computer Science,2020,460,460,0,4490,16,1.0,100,High Digitalization
1010,24,Jamarcus,Computer Science,2020,204,196,8,4490,16,0.96,95,High Digitalization
1011,25,Antonetta,Computer Science,2020,441,441,0,4490,16,1.0,100,High Digitalization
1012,26,Todd,Computer Science,2020,312,312,0,4490,16,1.0,100,High Digitalization
1013,27,Lalla,Computer Science,2020,343,117,226,4490,16,0.34,34,Medium-Low Digitalization
1014,28,Ossie,Computer Science,2020,175,175,0,4490,16,1.0,99,High Digitalization
1015,29,Jahir,Computer Science,2020,193,193,0,4490,16,1.0,100,High Digitalization
1016,30,Michelina,Computer Science,2020,317,317,0,4490,16,1.0,100,High Digitalization
1017,31,Tenika,Computer Science,2020,307,307,0,4490,16,1.0,100,High Digitalization
1018,32,Olan,Computer Science,2020,212,212,0,4490,16,1.0,100,High Digitalization
1019,33,Jordi,Computer Science,2020,170,170,0,4490,16,1.0,99,High Digitalization
1020,34,Cicero,Philosophy,2020,415,415,0,2908,9,1.0,100,High Digitalization
1021,35,Carlyn,Philosophy,2020,405,405,0,2908,9,1.0,99,High Digitalization
1022,36,Trae,Philosophy,2020,434,434,0,2908,9,1.0,100,High Digitalization
1023,37,Soledad,Philosophy,2020,205,205,0,2908,9,1.0,100,High Digitalization
1024,38,Tate,Philosophy,2020,420,420,0,2908,9,1.0,100,High Digitalization
1025,39,Tamekia,Philosophy,2020,377,377,0,2908,9,1.0,100,High Digitalization
1026,40,Jane,Philosophy,2020,226,226,0,2908,9,1.0,100,High Digitalization
1027,41,Lonna,Philosophy,2020,208,208,0,2908,9,1.0,100,High Digitalization
1028,42,Lary,Philosophy,2020,218,218,0,2908,9,1.0,100,High Digitalization
1029,43,Willa,Law,2020,162,157,5,1261,5,0.97,96,High Digitalization
1030,44,Roslyn,Law,2020,442,442,0,1261,5,1.0,100,High Digitalization
1031,45,Odette,Law,2020,226,226,0,1261,5,1.0,100,High Digitalization
1032,46,James,Law,2020,225,72,153,1261,5,0.32,31,Medium-Low Digitalization
1033,47,Carrie,Law,2020,205,205,0,1261,5,1.0,100,High Digitalization
1034,48,Elana,History,2020,166,166,0,4819,16,1.0,99,High Digitalization
1035,49,Belia,History,2020,446,446,0,4819,16,1.0,99,High Digitalization
1036,50,Annamarie,History,2020,385,385,0,4819,16,1.0,100,High Digitalization
1037,51,Magnolia,History,2020,445,392,53,4819,16,0.88,87,High Digitalization
1038,52,Arra,History,2020,436,436,0,4819,16,1.0,100,High Digitalization
1039,53,Maryann,History,2020,422,367,55,4819,16,0.87,87,High Digitalization
1040,54,Anastacio,History,2020,174,174,0,4819,16,1.0,100,High Digitalization
1041,55,Francisca,History,2020,335,335,0,4819,16,1.0,100,High Digitalization
1042,56,Nickolas,History,2020,435,239,196,4819,16,0.55,54,Medium-High Digitalization
1043,57,Dante,History,2020,191,191,0,4819,16,1.0,100,High Digitalization
1044,58,Agness,History,2020,164,164,0,4819,16,1.0,100,High Digitalization
1045,59,Jamar,History,2020,154,154,0,4819,16,1.0,100,High Digitalization
1046,60,Tawana,History,2020,186,186,0,4819,16,1.0,100,High Digitalization
1047,61,Tyrus,History,2020,394,394,0,4819,16,1.0,99,High Digitalization
1048,62,Deshaun,History,2020,315,315,0,4819,16,1.0,100,High Digitalization
1049,63,Harding,History,2020,172,114,58,4819,16,0.66,65,Medium-High Digitalization
1050,64,Migdalia,Engineering,2020,183,179,4,4131,15,0.98,97,High Digitalization
1051,65,Brittani,Engineering,2020,336,336,0,4131,15,1.0,100,High Digitalization
1052,66,Cheryl,Engineering,2020,380,380,0,4131,15,1.0,99,High Digitalization
1053,67,Arnoldo,Engineering,2020,359,359,0,4131,15,1.0,100,High Digitalization
1054,68,Linwood,Engineering,2020,218,218,0,4131,15,1.0,100,High Digitalization
1055,69,Angeles,Engineering,2020,326,303,23,4131,15,0.93,92,High Digitalization
1056,70,Carsen,Engineering,2020,228,116,112,4131,15,0.51,50,Medium-Low Digitalization
1057,71,Newton,Engineering,2020,427,427,0,4131,15,1.0,99,High Digitalization
1058,72,Denice,Engineering,2020,393,369,24,4131,15,0.94,94,High Digitalization
1059,73,Telly,Engineering,2020,216,216,0,4131,15,1.0,100,High Digitalization
1060,74,Darrick,Engineering,2020,191,191,0,4131,15,1.0,100,High Digitalization
1061,75,Glenn,Engineering,2020,195,195,0,4131,15,1.0,100,High Digitalization
1062,76,Camille,Engineering,2020,166,166,0,4131,15,1.0,100,High Digitalization
1063,77,Erica,Engineering,2020,204,190,14,4131,15,0.93,92,High Digitalization
1064,78,Erle,Engineering,2020,309,309,0,4131,15,1.0,100,High Digitalization
1065,79,Lilie,Art,2020,428,428,0,2609,7,1.0,100,High Digitalization
1066,80,Miles,Art,2020,398,398,0,2609,7,1.0,100,High Digitalization
1067,81,Samantha,Art,2020,399,399,0,2609,7,1.0,100,High Digitalization
1068,82,Ismael,Art,2020,381,381,0,2609,7,1.0,100,High Digitalization
1069,83,Kelsie,Art,2020,415,415,0,2609,7,1.0,100,High Digitalization
1070,84,Armando,Art,2020,206,124,82,2609,7,0.6,60,Medium-High Digitalization
1071,85,Tonia,Art,2020,381,381,0,2609,7,1.0,100,High Digitalization
1072,86,Elzada,Nanagement,2020,156,150,6,4654,16,0.96,95,High Digitalization
1073,87,Ozzie,Nanagement,2020,417,417,0,4654,16,1.0,100,High Digitalization
1074,88,Clemon,Nanagement,2020,214,214,0,4654,16,1.0,100,High Digitalization
1075,89,Katerina,Nanagement,2020,322,151,171,4654,16,0.47,46,Medium-Low Digitalization
1076,90,Joleen,Nanagement,2020,372,372,0,4654,16,1.0,100,High Digitalization
1077,91,Lorraine,Nanagement,2020,204,204,0,4654,16,1.0,99,High Digitalization
1078,92,Gladys,Nanagement,2020,453,453,0,4654,16,1.0,99,High Digitalization
1079,93,Kassandra,Nanagement,2020,161,156,5,4654,16,0.97,97,High Digitalization
1080,94,Lydell,Nanagement,2020,315,315,0,4654,16,1.0,100,High Digitalization
1081,95,Lexis,Nanagement,2020,412,412,0,4654,16,1.0,100,High Digitalization
1082,96,Damaris,Nanagement,2020,169,169,0,4654,16,1.0,99,High Digitalization
1083,97,Rosella,Nanagement,2020,227,227,0,4654,16,1.0,99,High Digitalization
1084,98,Luvinia,Nanagement,2020,176,176,0,4654,16,1.0,100,High Digitalization
1085,99,Lonzo,Nanagement,2020,457,457,0,4654,16,1.0,100,High Digitalization
1086,100,Shyheim,Nanagement,2020,372,372,0,4654,16,1.0,100,High Digitalization
1087,101,Lyndsay,Nanagement,2020,227,227,0,4654,16,1.0,100,High Digitalization
1088,102,Abram,Economy,2020,340,340,0,4842,18,1.0,100,High Digitalization
1089,103,Louie,Economy,2020,309,309,0,4842,18,1.0,100,High Digitalization
1090,104,Alver,Economy,2020,342,332,10,4842,18,0.97,96,High Digitalization
1091,105,Mendy,Economy,2020,339,339,0,4842,18,1.0,99,High Digitalization
1092,106,Sherryl,Economy,2020,164,164,0,4842,18,1.0,100,High Digitalization
1093,107,Gwyn,Economy,2020,189,189,0,4842,18,1.0,100,High Digitalization
1094,108,Elia,Economy,2020,358,358,0,4842,18,1.0,100,High Digitalization
1095,109,Adelina,Economy,2020,224,224,0,4842,18,1.0,100,High Digitalization
1096,110,Hiroshi,Economy,2020,161,95,66,4842,18,0.59,58,Medium-High Digitalization
1097,111,Dakoda,Economy,2020,413,413,0,4842,18,1.0,100,High Digitalization
1098,112,Toni,Economy,2020,163,156,7,4842,18,0.96,96,High Digitalization
1099,113,Mozell,Economy,2020,356,356,0,4842,18,1.0,100,High Digitalization
1100,114,Audra,Economy,2020,393,393,0,4842,18,1.0,99,High Digitalization
1101,115,Torey,Economy,2020,214,214,0,4842,18,1.0,100,High Digitalization
1102,116,Jaydin,Economy,2020,341,341,0,4842,18,1.0,100,High Digitalization
1103,117,Stormy,Economy,2020,171,169,2,4842,18,0.99,99,High Digitalization
1104,118,Ellis,Economy,2020,172,163,9,4842,18,0.95,95,High Digitalization
1105,119,Johnson,Economy,2020,194,194,0,4842,18,1.0,100,High Digitalization
1106,120,Tammi,Mathematics,2020,365,365,0,3278,11,1.0,100,High Digitalization
1107,121,Dejah,Mathematics,2020,208,64,144,3278,11,0.31,31,Medium-Low Digitalization
1108,122,Glinda,Mathematics,2020,175,18,158,3278,11,0.1,10,Low Digitalization
1109,123,Eller,Mathematics,2020,417,404,13,3278,11,0.97,96,High Digitalization
1110,124,Williams,Mathematics,2020,413,413,0,3278,11,1.0,99,High Digitalization
1111,125,Annette,Mathematics,2020,388,388,0,3278,11,1.0,100,High Digitalization
1112,126,Edra,Mathematics,2020,198,186,12,3278,11,0.94,93,High Digitalization
1113,127,Bree,Mathematics,2020,225,225,0,3278,11,1.0,100,High Digitalization
1114,128,Jessye,Mathematics,2020,195,195,0,3278,11,1.0,100,High Digitalization
1115,129,Amparo,Mathematics,2020,380,376,4,3278,11,0.99,98,High Digitalization
1116,130,Suzy,Mathematics,2020,315,315,0,3278,11,1.0,100,High Digitalization
1117,131,Ahmad,Languages,2020,188,182,6,3245,11,0.97,96,High Digitalization
1118,132,Stetson,Languages,2020,460,373,87,3245,11,0.81,80,Medium-High Digitalization
1119,133,Milissa,Languages,2020,443,443,0,3245,11,1.0,100,High Digitalization
1120,134,Graciela,Languages,2020,158,158,0,3245,11,1.0,100,High Digitalization
1121,135,Rebekah,Languages,2020,310,254,56,3245,11,0.82,82,High Digitalization
1122,136,Johney,Languages,2020,175,175,0,3245,11,1.0,99,High Digitalization
1123,137,Sophie,Languages,2020,330,330,0,3245,11,1.0,100,High Digitalization
1124,138,Dove,Languages,2020,156,156,0,3245,11,1.0,100,High Digitalization
1125,139,Kyle,Languages,2020,346,339,7,3245,11,0.98,98,High Digitalization
1126,140,Treena,Languages,2020,334,334,0,3245,11,1.0,99,High Digitalization
1127,141,Rafe,Languages,2020,345,335,10,3245,11,0.97,96,High Digitalization
